eventDate,eventTime,startDayOfYear,endDayOfYear,year,month,day,verbatimEventDate,country,countryCode,stateProvince,decimalLatitude,decimalLongitude,geodeticDatum,coordinateUncertaintyInMeters
2026-01-12T18:07:41Z,18:07:41+08:00,12,12,2026,1,12,12/01/2026 18:07,Australia,AU,Western Australia,-20.9,115.6,EPSG:4326,10000
2026-01-08T22:30:47Z,22:30:47+08:00,8,8,2026,1,8,8/01/2026 22:30,Australia,AU,Western Australia,-20.3,118.8,EPSG:4326,10000
2026-01-11T18:17:51Z,18:17:51+08:00,11,11,2026,1,11,11/01/2026 18:17,Australia,AU,Western Australia,-21,115.4,EPSG:4326,10000
2026-02-03T12:15:00Z,12:15:00+10:00,34,34,2026,2,3,3/02/2026 12:15,Australia,AU,,-16.068053,145.575854,EPSG:4326,244
2025-11-20T21:15:56Z,21:15:56+08:00,324,324,2025,11,20,20/11/2025 21:15,Australia,AU,Western Australia,-20.4,118.7,EPSG:4326,10000
2025-10-05T17:58:06Z,17:58:06+10:00,278,278,2025,10,5,2025-10-05 17:58:06+10:00,Australia,AU,Queensland,-10.995549,142.115437,EPSG:4326,62
2025-12-12T18:55:33Z,18:55:33+08:00,346,346,2025,12,12,12/12/2025 18:55,Australia,AU,Western Australia,-20.4,118,EPSG:4326,10000
2025-12-30T18:44:38Z,18:44:38+08:00,364,364,2025,12,30,30/12/2025 18:44,Australia,AU,Western Australia,-20.6,115.5,EPSG:4326,10000
2025-10-30T18:07:47Z,18:07:47+10:00,303,303,2025,10,30,30/10/2025 18:07,Australia,AU,Queensland,-21.968643,149.662412,EPSG:4326,
2025-12-30T18:41:54Z,18:41:54+08:00,364,364,2025,12,30,30/12/2025 18:41,Australia,AU,Western Australia,-20.8,115.5,EPSG:4326,10000
2025-11-14T05:43:53Z,05:43:53+10:00,318,318,2025,11,14,14/11/2025 5:43,Australia,AU,Queensland,-24.711201,152.269631,EPSG:4326,3665
2025-07-01T07:27:17Z,07:27:17+08:00,182,182,2025,7,1,1/07/2025 7:27,Australia,AU,Western Australia,-14.6,125,EPSG:4326,10000
2025-11-15T18:17:15Z,18:17:15+08:00,319,319,2025,11,15,15/11/2025 18:17,Australia,AU,Western Australia,-20.2,118.6,EPSG:4326,10000
2025-12-14T07:54:19Z,07:54:19+08:00,348,348,2025,12,14,14/12/2025 7:54,Australia,AU,Western Australia,-20.2,118.7,EPSG:4326,10000
2025-12-08T18:12:03Z,18:12:03+10:00,342,342,2025,12,8,8/12/2025 18:12,Australia,AU,Queensland,-23.343392,150.933517,EPSG:4326,5
2025-12-02T18:24:16Z,18:24:16+10:00,336,336,2025,12,2,2/12/2025 18:24,Australia,AU,Queensland,-23.343092,150.934005,EPSG:4326,4
2025-11-30T11:13:06Z,11:13:06+08:00,334,334,2025,11,30,30/11/2025 11:13,Australia,AU,Western Australia,-20.9,115.5,EPSG:4326,10000
2025-11-13T09:50:56Z,09:50:56+10:00,317,317,2025,11,13,13/11/2025 9:50,Australia,AU,Queensland,-16.39137,145.555518,EPSG:4326,861
2025-12-30T19:14:00Z,19:14:00+08:00,364,364,2025,12,30,30/12/2025 19:14,Australia,AU,Western Australia,-20.7,115.5,EPSG:4326,10000
2025-07-16T07:26:34Z,07:26:34+08:00,197,197,2025,7,16,16/07/2025 7:26,Australia,AU,Western Australia,-20.7,115.5,EPSG:4326,10000
2024-06-26T16:44:22Z,16:44:22+08:00,178,178,2024,6,26,2024-06-26 18:44:22+10:00,Australia,AU,Western Australia,-18.1,122.3,EPSG:4326,10000
2024-11-22T16:38:13Z,16:38:13+10:00,327,327,2024,11,22,2024-11-22 16:38:13+10:00,Australia,AU,Queensland,-21.977722,149.665667,EPSG:4326,47
2024-12-22T23:00:56Z,23:00:56+10:00,357,357,2024,12,22,2024-12-22 23:00:56+10:00,Australia,AU,Queensland,-24.794763,152.44037,EPSG:4326,7
2024-12-07T04:39:00Z,04:39:00+10:00,342,342,2024,12,7,7/12/2024 4:39,Australia,AU,Queensland,-21.979736,149.665572,EPSG:4326,6
2024-09-02T17:10:00Z,17:10:00+10:00,246,246,2024,9,2,2/09/2024 17:10,Australia,AU,Queensland,-12,142.5,EPSG:4326,209
2024-11-27T17:32:16Z,17:32:16+10:00,332,332,2024,11,27,2024-11-27 17:32:16+10:00,Australia,AU,Queensland,-21.970713,149.663218,EPSG:4326,44
2024-12-01T22:35:34Z,22:35:34+10:00,336,336,2024,12,1,2024-12-01 22:35:34+10:00,Australia,AU,Queensland,-23.342975,150.933747,EPSG:4326,3
2024-09-03T13:33:00Z,13:33:00+10:00,247,247,2024,9,3,3/09/2024 13:33,Australia,AU,Queensland,-10.83878,142.316592,EPSG:4326,488
2024-09-02T17:45:00Z,17:45:00+10:00,246,246,2024,9,2,2/09/2024 17:45,Australia,AU,Queensland,-12,142.5,EPSG:4326,209
2024-02-04T04:38:28Z,04:38:28+10:00,35,35,2024,2,4,2024-02-04 04:38:28+10:00,Australia,AU,Queensland,-24.798836,152.444098,EPSG:4326,227
2024-12-01T05:57:41Z,05:57:41+08:00,336,336,2024,12,1,1/12/2024 5:57,Australia,AU,Western Australia,-20.2,118.7,EPSG:4326,10000
2024-12-02T00:12:10Z,00:12:10+10:00,337,337,2024,12,2,2/12/2024 0:12,Australia,AU,Queensland,-21.979809,149.665413,EPSG:4326,
2024-09-04T18:51:07Z,18:51:07+09:30,248,248,2024,9,4,2024-09-04 18:51:07+09:30,Australia,AU,Northern Territory,-12.538687,130.418625,EPSG:4326,3
2024-12-09T18:50:40Z,18:50:40+08:00,344,344,2024,12,9,9/12/2024 18:50,Australia,AU,Western Australia,-20.9,115.4,EPSG:4326,10000
2024-09-26T10:51:36Z,10:51:36+08:00,270,270,2024,9,26,26/09/2024 10:51,Australia,AU,Western Australia,-13.8,126.2,EPSG:4326,10000
2024-12-08T04:37:00Z,04:37:00+10:00,343,343,2024,12,8,8/12/2024 4:37,Australia,AU,Queensland,-21.980403,149.665511,EPSG:4326,9
2024-09-10T00:00:00Z,,254,254,2024,9,10,10/09/2024,Australia,AU,Queensland,-10.97801,142.102359,EPSG:4326,488
2024-10-16T08:29:37Z,08:29:37+08:00,290,290,2024,10,16,Wed Oct 16 2024 08:29:37 GMT +0800 (GMT),Australia,AU,Western Australia,-19.6,120.8,EPSG:4326,10000
2024-07-24T18:06:00Z,18:06:00+09:30,206,206,2024,7,24,24/07/2024 18:06,Australia,AU,Northern Territory,-12.536758,130.416144,EPSG:4326,1000
2024-09-12T13:30:00Z,13:30:00+08:00,256,256,2024,9,12,12/09/2024 13:30,Australia,AU,Western Australia,-18,122.2,EPSG:4326,10000
2024-11-12T00:10:00Z,00:10:00+08:00,317,317,2024,11,12,12/11/2024 0:10,Australia,AU,Western Australia,-19.7,120.8,EPSG:4326,10000
2024-07-20T18:41:26Z,18:41:26+09:30,202,202,2024,7,20,2024-07-20 18:41:26+09:30,Australia,AU,Northern Territory,-12.170445,131.155533,EPSG:4326,4
2024-12-22T20:53:11Z,20:53:11+10:00,357,357,2024,12,22,22/12/2024 20:53,Australia,AU,Queensland,-19.241663,146.807595,EPSG:4326,152
2024-01-25T06:17:02Z,06:17:02+08:00,25,25,2024,1,25,25/01/2024 6:17,Australia,AU,Western Australia,-20.3,118.6,EPSG:4326,10000
2024-11-14T22:11:55Z,22:11:55+10:00,319,319,2024,11,14,2024-11-14 22:11:55+10:00,Australia,AU,Queensland,-21.97928,149.665453,EPSG:4326,14
2024-01-22T14:00:00Z,554,22,22,2024,1,22,,Australia,AU,Queensland,-24.186849,151.896766,EPSG:4326,
2023-08-07T21:25:00Z,21:25:00+08:00,219,219,2023,8,7,7/08/2023 21:25,Australia,AU,Western Australia,-15.1,124.3,EPSG:4326,10000
2023-11-27T21:59:00Z,21:59:00+08:00,331,331,2023,11,27,27/11/2023 21:59,Australia,AU,Western Australia,-21.6,114.8,EPSG:4326,10000
2023-11-25T06:38:00Z,06:38:00+08:00,329,329,2023,11,25,25/11/2023 6:38,Australia,AU,Western Australia,-20.4,118.7,EPSG:4326,10000
2023-06-17T18:25:22Z,18:25:22+09:30,168,168,2023,6,17,2023-06-17 18:25:22+09:30,Australia,AU,Northern Territory,-12.532355,130.420272,EPSG:4326,5
2023-12-06T17:46:00Z,17:46:00+08:00,340,340,2023,12,6,6/12/2023 17:46,Australia,AU,Western Australia,-20.2,118.6,EPSG:4326,10000
2023-11-24T17:43:41Z,17:43:41+10:00,328,328,2023,11,24,24/11/2023 17:43,Australia,AU,Queensland,-23.343306,150.937279,EPSG:4326,376
2023-12-06T18:08:00Z,18:08:00+08:00,340,340,2023,12,6,6/12/2023 18:08,Australia,AU,Western Australia,-20.4,118.7,EPSG:4326,10000
2023-12-06T17:54:00Z,17:54:00+08:00,340,340,2023,12,6,6/12/2023 17:54,Australia,AU,Western Australia,-20.4,118.8,EPSG:4326,10000
2023-11-25T06:41:00Z,06:41:00+08:00,329,329,2023,11,25,25/11/2023 6:41,Australia,AU,Western Australia,-20.2,118.8,EPSG:4326,10000
2023-11-25T06:37:00Z,06:37:00+08:00,329,329,2023,11,25,25/11/2023 6:37,Australia,AU,Western Australia,-20.4,118.7,EPSG:4326,10000
2023-11-25T07:14:00Z,07:14:00+08:00,329,329,2023,11,25,25/11/2023 7:14,Australia,AU,Western Australia,-20.2,118.7,EPSG:4326,10000
2023-11-25T06:28:00Z,06:28:00+08:00,329,329,2023,11,25,25/11/2023 6:28,Australia,AU,Western Australia,-20.2,118.7,EPSG:4326,10000
2023-12-06T17:11:00Z,17:11:00+08:00,340,340,2023,12,6,6/12/2023 17:11,Australia,AU,Western Australia,-20.2,118.7,EPSG:4326,10000
2023-12-06T17:38:00Z,17:38:00+08:00,340,340,2023,12,6,6/12/2023 17:38,Australia,AU,Western Australia,-20.2,118.7,EPSG:4326,10000
2023-01-09T19:48:00Z,19:48:00+10:00,9,9,2023,1,9,9/01/2023 19:48,Australia,AU,Queensland,-21.060226,149.196286,EPSG:4326,31
2023-07-07T20:44:00Z,20:44:00+09:30,188,188,2023,7,7,7/07/2023 20:44,Australia,AU,Northern Territory,-12.536263,130.421018,EPSG:4326,837
2023-11-25T07:17:00Z,07:17:00+08:00,329,329,2023,11,25,25/11/2023 7:17,Australia,AU,Western Australia,-20.3,118.6,EPSG:4326,10000
2023-12-06T18:20:59Z,18:20:59+08:00,340,340,2023,12,6,6/12/2023 18:20,Australia,AU,Western Australia,-20.2,118.8,EPSG:4326,10000
2023-11-26T20:23:55Z,20:23:55+08:00,330,330,2023,11,26,26/11/2023 20:23,Australia,AU,Western Australia,-20.2,118.7,EPSG:4326,10000
2023-11-25T06:30:00Z,06:30:00+08:00,329,329,2023,11,25,25/11/2023 6:30,Australia,AU,Western Australia,-20.2,118.6,EPSG:4326,10000
2023-11-25T06:28:00Z,06:28:00+08:00,329,329,2023,11,25,25/11/2023 6:28,Australia,AU,Western Australia,-20.3,118.6,EPSG:4326,10000
2023-12-02T22:55:33Z,22:55:33+08:00,336,336,2023,12,2,2/12/2023 22:55,Australia,AU,Western Australia,-20.5,118.5,EPSG:4326,10000
2023-11-26T20:04:10Z,20:04:10+08:00,330,330,2023,11,26,26/11/2023 20:04,Australia,AU,Western Australia,-20.2,118.8,EPSG:4326,10000
2023-07-05T19:01:24Z,19:01:24+09:30,186,186,2023,7,5,2023-07-05 19:01:24+09:30,Australia,AU,Northern Territory,-12.535,130.419073,EPSG:4326,
2023-11-25T06:30:00Z,06:30:00+08:00,329,329,2023,11,25,25/11/2023 6:30,Australia,AU,Western Australia,-20.2,118.8,EPSG:4326,10000
2023-11-25T06:29:00Z,06:29:00+08:00,329,329,2023,11,25,25/11/2023 6:29,Australia,AU,Western Australia,-20.3,118.6,EPSG:4326,10000
2023-11-25T06:32:00Z,06:32:00+08:00,329,329,2023,11,25,25/11/2023 6:32,Australia,AU,Western Australia,-20.3,118.8,EPSG:4326,10000
2023-11-25T06:39:00Z,06:39:00+08:00,329,329,2023,11,25,25/11/2023 6:39,Australia,AU,Western Australia,-20.3,118.7,EPSG:4326,10000
2023-08-21T17:37:03Z,17:37:03+09:30,233,233,2023,8,21,2023-08-21 17:37:03+09:30,Australia,AU,Northern Territory,-12.538661,130.418578,EPSG:4326,100
2023-01-11T06:08:00Z,06:08:00+08:00,11,11,2023,1,11,11/01/2023 6:08,Australia,AU,Western Australia,-20.3,118.7,EPSG:4326,10000
2023-11-25T07:11:00Z,07:11:00+08:00,329,329,2023,11,25,25/11/2023 7:11,Australia,AU,Western Australia,-20.3,118.7,EPSG:4326,10000
2023-11-25T07:31:00Z,07:31:00+08:00,329,329,2023,11,25,25/11/2023 7:31,Australia,AU,Western Australia,-20.3,118.6,EPSG:4326,10000
2023-09-21T21:14:00Z,21:14:00+08:00,264,264,2023,9,21,21/09/2023 21:14,Australia,AU,Western Australia,-15.2,125.3,EPSG:4326,10000
2023-12-06T17:26:00Z,17:26:00+08:00,340,340,2023,12,6,6/12/2023 17:26,Australia,AU,Western Australia,-20.3,118.7,EPSG:4326,10000
2023-11-25T07:14:00Z,07:14:00+08:00,329,329,2023,11,25,25/11/2023 7:14,Australia,AU,Western Australia,-20.3,118.6,EPSG:4326,10000
2023-11-25T06:46:00Z,06:46:00+08:00,329,329,2023,11,25,25/11/2023 6:46,Australia,AU,Western Australia,-20.3,118.7,EPSG:4326,10000
2023-07-07T19:03:00Z,19:03:00+09:30,188,188,2023,7,7,7/07/2023 19:03,Australia,AU,Northern Territory,-12.536263,130.421018,EPSG:4326,837
2023-07-05T17:38:58Z,17:38:58+09:30,186,186,2023,7,5,2023-07-05 17:38:58+09:30,Australia,AU,Northern Territory,-12.535422,130.419945,EPSG:4326,557
2023-09-23T09:13:00Z,09:13:00+08:00,266,266,2023,9,23,23/09/2023 9:13,Australia,AU,Western Australia,-14.2,125.4,EPSG:4326,10000
2023-12-06T18:18:00Z,18:18:00+08:00,340,340,2023,12,6,6/12/2023 18:18,Australia,AU,Western Australia,-20.3,118.6,EPSG:4326,10000
2023-12-06T17:57:00Z,17:57:00+08:00,340,340,2023,12,6,6/12/2023 17:57,Australia,AU,Western Australia,-20.3,118.8,EPSG:4326,10000
2023-02-17T10:12:30Z,10:12:30+08:00,48,48,2023,2,17,2023-02-17 10:12:30+08:00,Australia,AU,Western Australia,-20.7,115.5,EPSG:4326,10000
2023-11-26T20:25:54Z,20:25:54+08:00,330,330,2023,11,26,26/11/2023 20:25,Australia,AU,Western Australia,-20.2,118.7,EPSG:4326,10000
2023-11-06T14:00:00Z,545,310,310,2023,11,6,,Australia,AU,Queensland,-24.21888,151.92267,EPSG:4326,
2023-11-13T14:00:00Z,6:30,317,317,2023,11,13,,Australia,AU,Queensland,-24.17321,151.89341,EPSG:4326,
2023-11-04T14:00:00Z,,308,308,2023,11,4,,Australia,AU,Queensland,-24.200394,151.901498,EPSG:4326,
2023-11-08T14:00:00Z,9am,312,312,2023,11,8,,Australia,AU,Queensland,-24.45508,152.01776,EPSG:4326,
2023-11-06T14:00:00Z,8.59am,310,310,2023,11,6,,Australia,AU,Queensland,-24.465936,152.02296,EPSG:4326,
2023-12-18T14:00:00Z,05.00am,352,352,2023,12,18,,Australia,AU,Queensland,-24.2003,151.9014,EPSG:4326,
2023-11-22T14:00:00Z,600,326,326,2023,11,22,,Australia,AU,Queensland,-24.21226,151.91966,EPSG:4326,
2023-11-13T14:00:00Z,6:30,317,317,2023,11,13,,Australia,AU,Queensland,-24.17109,151.89288,EPSG:4326,
2023-11-05T14:00:00Z,,309,309,2023,11,5,,Australia,AU,Queensland,-24.19229,151.89838,EPSG:4326,
2023-11-27T14:00:00Z,6:20,331,331,2023,11,27,,Australia,AU,Queensland,-24.178686,151.894694,EPSG:4326,
2023-12-01T14:00:00Z,10.35am,335,335,2023,12,1,,Australia,AU,Queensland,-24.208516,151.906546,EPSG:4326,
2023-12-18T14:00:00Z,4.45,352,352,2023,12,18,,Australia,AU,Queensland,-24.204678,151.903703,EPSG:4326,
2023-11-14T14:00:00Z,,318,318,2023,11,14,,Australia,AU,Queensland,-24.196676,151.899977,EPSG:4326,
2023-01-02T14:00:00Z,1:21 PM,2,2,2023,1,2,,Australia,AU,Queensland,-23.033297,150.772164,EPSG:4326,
2023-07-27T14:00:00Z,,208,208,2023,7,27,,Australia,AU,Queensland,-24.245612,151.912211,EPSG:4326,
2023-01-12T14:00:00Z,,12,12,2023,1,12,,Australia,AU,Queensland,-23.17511,150.93708,EPSG:4326,
2023-01-06T14:00:00Z,,6,6,2023,1,6,,Australia,AU,Queensland,-23.243979,150.824324,EPSG:4326,
2023-01-25T14:00:00Z,,25,25,2023,1,25,,Australia,AU,Queensland,-23.047455,150.879565,EPSG:4326,
2023-01-08T14:00:00Z,4:43 PM,8,8,2023,1,8,,Australia,AU,Queensland,-23.293547,150.803456,EPSG:4326,
2023-01-01T14:00:00Z,4:53 PM,1,1,2023,1,1,,Australia,AU,Queensland,-23.291253,150.804778,EPSG:4326,
2023-01-15T14:00:00Z,10:36 AM,15,15,2023,1,15,,Australia,AU,Queensland,-23.972295,151.411257,EPSG:4326,
2023-01-04T14:00:00Z,,4,4,2023,1,4,,Australia,AU,Queensland,-23.157008,150.965908,EPSG:4326,
2023-07-23T14:00:00Z,3:33 AM,204,204,2023,7,23,,Australia,AU,Queensland,-24.359087,151.299178,EPSG:4326,
2023-01-07T14:00:00Z,5:12 AM,7,7,2023,1,7,,Australia,AU,Queensland,-23.259928,150.828633,EPSG:4326,
2023-01-02T14:00:00Z,6:30 AM,2,2,2023,1,2,,Australia,AU,Queensland,-22.131823,150.049424,EPSG:4326,
2023-01-01T14:00:00Z,10:05 AM,1,1,2023,1,1,,Australia,AU,Queensland,-23.17065,150.95286,EPSG:4326,
2023-01-05T14:00:00Z,7:01 AM,5,5,2023,1,5,,Australia,AU,Queensland,-23.18051,150.9346,EPSG:4326,
2022-09-07T13:35:18Z,,250,250,2022,9,7,,Australia,AU,Western Australia,-18,122.3,EPSG:4326,10000
2022-11-09T14:00:00Z,,313,313,2022,11,9,,Australia,AU,Queensland,-24.191275,151.898042,EPSG:4326,
2022-12-18T16:00:00Z,6:25 PM,352,352,2022,12,18,,Australia,AU,Western Australia,-20.3,118.6,EPSG:4326,10000
2022-01-09T00:00:00Z,13:00:00/14:19:00,9,73,2022,,,,Australia,AU,New South Wales,-32.72363,152.15289,EPSG:4326,200
2022-12-29T14:00:00Z,9:02 AM,363,363,2022,12,29,,Australia,AU,Queensland,-23.150424,150.765229,EPSG:4326,
2022-01-02T18:24:10Z,,2,2,2022,1,2,,Australia,AU,Queensland,-23.229538,150.820038,EPSG:4326,
2022-01-05T14:00:00Z,,5,5,2022,1,5,,Australia,AU,Queensland,-23.19235,150.94522,EPSG:4326,
2022-11-30T14:00:00Z,500,334,334,2022,11,30,,Australia,AU,Queensland,-23.226808,150.818781,EPSG:4326,
2022-11-09T14:00:00Z,,313,313,2022,11,9,,Australia,AU,Queensland,-23.190257,150.792334,EPSG:4326,
2022-12-26T14:00:00Z,12:30 PM,360,360,2022,12,26,,Australia,AU,Queensland,-23.96476,151.401127,EPSG:4326,
2022-12-16T14:00:00Z,4:35 AM,350,350,2022,12,16,,Australia,AU,Queensland,-23.2455,150.824069,EPSG:4326,
2022-11-04T14:00:00Z,11:41 AM,308,308,2022,11,4,,Australia,AU,Queensland,-23.018792,150.772486,EPSG:4326,
2022-12-16T14:00:00Z,3:06 PM,350,350,2022,12,16,,Australia,AU,Queensland,-23.16546,150.95542,EPSG:4326,
2022-01-04T14:00:00Z,,4,4,2022,1,4,,Australia,AU,Queensland,-23.24027,150.8253,EPSG:4326,
2022-12-15T14:00:00Z,500,349,349,2022,12,15,,Australia,AU,Queensland,-23.227749,150.818939,EPSG:4326,
2022-11-21T14:00:00Z,1:06 PM,325,325,2022,11,21,,Australia,AU,Queensland,-23.1722,150.94875,EPSG:4326,
2022-01-27T14:00:00Z,,27,27,2022,1,27,,Australia,AU,Queensland,-23.047204,150.879273,EPSG:4326,
2022-11-26T14:00:00Z,7.00pm,330,330,2022,11,26,,Australia,AU,Queensland,-23.193751,150.943447,EPSG:4326,
2022-01-02T14:00:00Z,,2,2,2022,1,2,,Australia,AU,Queensland,-22.131453,150.051925,EPSG:4326,
2022-10-31T14:00:00Z,10.30am,304,304,2022,10,31,,Australia,AU,Queensland,-23.17179,150.94364,EPSG:4326,
2022-12-22T14:00:00Z,1:11 PM,356,356,2022,12,22,,Australia,AU,Queensland,-23.955192,151.384629,EPSG:4326,
2022-11-17T14:00:00Z,1.30am,321,321,2022,11,17,,Australia,AU,Queensland,-23.19364,150.94062,EPSG:4326,
2022-10-31T14:00:00Z,4:19 AM,304,304,2022,10,31,,Australia,AU,Queensland,-23.246911,150.823964,EPSG:4326,
2022-11-27T14:00:00Z,8:24 AM,331,331,2022,11,27,,Australia,AU,Queensland,-23.1742,150.937454,EPSG:4326,
2022-12-22T14:00:00Z,1:32 PM,356,356,2022,12,22,,Australia,AU,Queensland,-23.02782,150.77207,EPSG:4326,
2022-11-29T14:00:00Z,7.30pm ,333,333,2022,11,29,,Australia,AU,Queensland,-23.17225,150.94641,EPSG:4326,
2022-12-15T14:00:00Z,,349,349,2022,12,15,,Australia,AU,Queensland,-23.246423,150.823997,EPSG:4326,
2022-12-24T14:00:00Z,,358,358,2022,12,24,,Australia,AU,Queensland,-22.13251,150.05024,EPSG:4326,
2022-11-23T14:00:00Z,5:46 AM,327,327,2022,11,23,,Australia,AU,Queensland,-23.14625,150.764056,EPSG:4326,
2022-11-18T14:00:00Z,10:00 PM,322,322,2022,11,18,,Australia,AU,Queensland,-22.134609,150.052594,EPSG:4326,
2022-12-25T14:00:00Z,5:30,359,359,2022,12,25,,Australia,AU,Queensland,-23.957944,151.38858,EPSG:4326,
2022-01-09T08:06:38Z,,9,9,2022,1,9,,Australia,AU,Queensland,-23.961626,151.394087,EPSG:4326,
2022-12-10T14:00:00Z,4:49 AM,344,344,2022,12,10,,Australia,AU,Queensland,-23.967802,151.406503,EPSG:4326,
2022-12-20T14:00:00Z,9:06 AM,354,354,2022,12,20,,Australia,AU,Queensland,-23.020431,150.772147,EPSG:4326,
2022-12-31T14:00:00Z,,365,365,2022,12,31,,Australia,AU,Queensland,-22.13257,150.050288,EPSG:4326,
2022-12-26T14:00:00Z,6:30 AM,360,360,2022,12,26,,Australia,AU,Queensland,-22.132384,150.05004,EPSG:4326,
2022-11-13T14:00:00Z,530,317,317,2022,11,13,,Australia,AU,Queensland,-23.235351,150.820769,EPSG:4326,
2022-11-19T14:00:00Z,6:20 PM,323,323,2022,11,19,,Australia,AU,Queensland,-22.134401,150.052162,EPSG:4326,
2022-11-04T14:00:00Z,3:50 AM,308,308,2022,11,4,,Australia,AU,Queensland,-23.247053,150.823794,EPSG:4326,
2022-12-08T14:00:00Z,11:45 AM,342,342,2022,12,8,,Australia,AU,Queensland,-23.00334,150.77458,EPSG:4326,
2022-02-13T09:23:51Z,,44,44,2022,2,13,,Australia,AU,Queensland,-23.156813,150.966659,EPSG:4326,
2022-11-25T14:00:00Z,4:30 AM,329,329,2022,11,25,,Australia,AU,Queensland,-23.245463,150.824066,EPSG:4326,
2022-11-19T14:00:00Z,5:29 AM,323,323,2022,11,19,,Australia,AU,Queensland,-22.13563,150.054829,EPSG:4326,
2022-11-19T14:00:00Z,5:34 AM,323,323,2022,11,19,,Australia,AU,Queensland,-22.13587,150.056292,EPSG:4326,
2022-12-08T14:00:00Z,,342,342,2022,12,8,,Australia,AU,Queensland,-23.244982,150.824133,EPSG:4326,
2022-11-17T14:00:00Z,15.26,321,321,2022,11,17,,Australia,AU,Queensland,-22.133667,150.051425,EPSG:4326,
2022-01-01T14:00:00Z,,1,1,2022,1,1,,Australia,AU,Queensland,-22.135397,150.054206,EPSG:4326,
2022-11-30T14:00:00Z,4:00 PM,334,334,2022,11,30,,Australia,AU,Queensland,-23.972766,151.411343,EPSG:4326,
2022-12-26T14:00:00Z,,360,360,2022,12,26,,Australia,AU,Queensland,-22.130907,150.048566,EPSG:4326,
2022-11-16T14:00:00Z,10:00 AM,320,320,2022,11,16,,Australia,AU,Queensland,-23.980136,151.419454,EPSG:4326,
2022-02-16T14:44:54Z,,47,47,2022,2,16,,Australia,AU,Queensland,-23.165123,150.95621,EPSG:4326,
2022-11-12T14:00:00Z,630,316,316,2022,11,12,,Australia,AU,Queensland,-23.224214,150.8191,EPSG:4326,
2022-01-01T19:26:37Z,,1,1,2022,1,1,,Australia,AU,Queensland,-22.134036,150.05175,EPSG:4326,
2022-12-11T14:00:00Z,515,345,345,2022,12,11,,Australia,AU,Queensland,-23.230653,150.819262,EPSG:4326,
2022-11-29T14:00:00Z,,333,333,2022,11,29,,Australia,AU,Queensland,-23.18227,150.93663,EPSG:4326,
2022-12-27T14:00:00Z,530,361,361,2022,12,27,,Australia,AU,Queensland,-23.234848,150.820663,EPSG:4326,
2022-11-27T14:00:00Z,11:32 AM,331,331,2022,11,27,,Australia,AU,Queensland,-23.10803,150.75172,EPSG:4326,
2022-11-23T14:00:00Z,4:55 AM,327,327,2022,11,23,,Australia,AU,Queensland,-23.245598,150.824163,EPSG:4326,
2022-11-23T14:00:00Z,8:15,327,327,2022,11,23,,Australia,AU,Queensland,-22.997267,150.775806,EPSG:4326,
2022-11-13T14:00:00Z,530,317,317,2022,11,13,,Australia,AU,Queensland,-23.229579,150.819236,EPSG:4326,
2022-11-17T14:00:00Z,5:45 PM,321,321,2022,11,17,,Australia,AU,Queensland,-22.132361,150.050167,EPSG:4326,
2022-01-09T07:32:41Z,,9,9,2022,1,9,,Australia,AU,Queensland,-23.957125,151.387159,EPSG:4326,
2022-01-02T14:00:00Z,,2,2,2022,1,2,,Australia,AU,Queensland,-22.134937,150.053128,EPSG:4326,
2022-01-09T14:00:00Z,,9,9,2022,1,9,,Australia,AU,Queensland,-23.189366,150.950921,EPSG:4326,
2022-12-02T14:00:00Z,4:56 PM,336,336,2022,12,2,,Australia,AU,Queensland,-23.181071,150.936308,EPSG:4326,
2022-11-19T14:00:00Z,5:25 AM,323,323,2022,11,19,,Australia,AU,Queensland,-22.135511,150.054365,EPSG:4326,
2022-11-20T14:00:00Z,4:56 AM,324,324,2022,11,20,,Australia,AU,Queensland,-23.243133,150.824578,EPSG:4326,
2022-11-26T14:00:00Z,5.30am,330,330,2022,11,26,,Australia,AU,Queensland,-23.961168,151.393088,EPSG:4326,
2022-12-17T14:00:00Z,9:16 AM,351,351,2022,12,17,,Australia,AU,Queensland,-23.182875,150.936886,EPSG:4326,
2022-01-09T14:00:00Z,,9,9,2022,1,9,,Australia,AU,Queensland,-23.19279,150.79207,EPSG:4326,
2022-11-29T14:00:00Z,530,333,333,2022,11,29,,Australia,AU,Queensland,-23.224419,150.819157,EPSG:4326,
2022-11-29T14:00:00Z,7:24 AM,333,333,2022,11,29,,Australia,AU,Queensland,-23.94838,151.377144,EPSG:4326,
2022-12-07T14:00:00Z,6:00 PM,341,341,2022,12,7,,Australia,AU,Queensland,-23.249544,150.823797,EPSG:4326,
2022-11-30T14:00:00Z,9:54 AM,334,334,2022,11,30,,Australia,AU,Queensland,-23.95052,151.379052,EPSG:4326,
2022-01-03T14:00:00Z,,3,3,2022,1,3,,Australia,AU,Queensland,-23.171447,150.942229,EPSG:4326,
2022-11-18T14:00:00Z,9:30 PM,322,322,2022,11,18,,Australia,AU,Queensland,-22.135706,150.054969,EPSG:4326,
2022-11-18T14:00:00Z,5:12 AM,322,322,2022,11,18,,Australia,AU,Queensland,-22.13478,150.052724,EPSG:4326,
2022-12-23T14:00:00Z,8:02 AM,357,357,2022,12,23,,Australia,AU,Queensland,-23.171997,150.946717,EPSG:4326,
2022-12-08T14:00:00Z,11:34 AM,342,342,2022,12,8,,Australia,AU,Queensland,-23.171942,150.944608,EPSG:4326,
2022-11-08T14:00:00Z,3:00 PM,312,312,2022,11,8,,Australia,AU,Queensland,-23.89382,151.32955,EPSG:4326,
2022-10-30T14:00:00Z,4:52 PM,303,303,2022,10,30,,Australia,AU,Queensland,-23.261669,150.828314,EPSG:4326,
2022-01-01T14:00:00Z,,1,1,2022,1,1,,Australia,AU,Queensland,-22.132118,150.049913,EPSG:4326,
2022-12-08T14:00:00Z,11:05 AM,342,342,2022,12,8,,Australia,AU,Queensland,-23.0566,150.77142,EPSG:4326,
2022-11-08T14:00:00Z,,312,312,2022,11,8,,Australia,AU,Queensland,-22.86276,150.79033,EPSG:4326,
2022-12-10T14:00:00Z,,344,344,2022,12,10,,Australia,AU,Queensland,-23.1894,150.95042,EPSG:4326,
2022-12-15T14:00:00Z,10:00 AM,349,349,2022,12,15,,Australia,AU,Queensland,-23.172086,150.945081,EPSG:4326,
2022-02-11T14:00:00Z,,42,42,2022,2,11,,Australia,AU,Queensland,-23.19128,150.94698,EPSG:4326,
2022-12-16T14:00:00Z,12:34 PM,350,350,2022,12,16,,Australia,AU,Queensland,-23.17199,150.94433,EPSG:4326,
2022-11-14T14:00:00Z,5:03 AM,318,318,2022,11,14,,Australia,AU,Queensland,-23.958423,151.388852,EPSG:4326,
2022-12-02T14:00:00Z,9:57 AM,336,336,2022,12,2,,Australia,AU,Queensland,-23.955972,151.385591,EPSG:4326,
2022-12-15T14:00:00Z,,349,349,2022,12,15,,Australia,AU,Queensland,-23.171917,150.944528,EPSG:4326,
2022-11-22T14:00:00Z,6:30,326,326,2022,11,22,,Australia,AU,Queensland,-23.04905,150.771733,EPSG:4326,
2022-11-09T14:00:00Z,5:08 AM,313,313,2022,11,9,,Australia,AU,Queensland,-23.240887,150.825115,EPSG:4326,
2022-11-17T14:00:00Z,15.4,321,321,2022,11,17,,Australia,AU,Queensland,-22.133606,150.051439,EPSG:4326,
2022-12-20T14:00:00Z,400,354,354,2022,12,20,,Australia,AU,Queensland,-23.234983,150.820339,EPSG:4326,
2022-11-30T14:00:00Z,9:55 AM,334,334,2022,11,30,,Australia,AU,Queensland,-23.951761,151.380965,EPSG:4326,
2022-11-27T14:00:00Z,500,331,331,2022,11,27,,Australia,AU,Queensland,-23.23376,150.820034,EPSG:4326,
2022-11-08T14:00:00Z,1:45 PM,312,312,2022,11,8,,Australia,AU,Queensland,-23.955434,151.384914,EPSG:4326,
2022-11-17T14:00:00Z,6:34 PM,321,321,2022,11,17,,Australia,AU,Queensland,-22.134181,150.051748,EPSG:4326,
2022-11-17T14:00:00Z,9:00 PM,321,321,2022,11,17,,Australia,AU,Queensland,-22.132215,150.050076,EPSG:4326,
2022-12-11T14:00:00Z,500,345,345,2022,12,11,,Australia,AU,Queensland,-23.233563,150.819798,EPSG:4326,
2022-12-16T14:00:00Z,10:51 AM,350,350,2022,12,16,,Australia,AU,Queensland,-23.15652,150.96677,EPSG:4326,
2022-02-16T14:50:40Z,,47,47,2022,2,16,,Australia,AU,Queensland,-23.165202,150.956014,EPSG:4326,
2022-11-18T14:00:00Z,5:10 AM,322,322,2022,11,18,,Australia,AU,Queensland,-22.134643,150.052635,EPSG:4326,
2022-12-21T14:00:00Z,,355,355,2022,12,21,,Australia,AU,Queensland,-23.243388,150.824457,EPSG:4326,
2022-11-27T14:00:00Z,2:52 PM,331,331,2022,11,27,,Australia,AU,Queensland,-23.157187,150.965013,EPSG:4326,
2022-11-14T14:00:00Z,6:30 AM,318,318,2022,11,14,,Australia,AU,Queensland,-23.076197,150.885301,EPSG:4326,
2022-01-02T06:24:53Z,,2,2,2022,1,2,,Australia,AU,Queensland,-22.133872,150.051479,EPSG:4326,
2022-12-25T14:00:00Z,15:40,359,359,2022,12,25,,Australia,AU,Queensland,-23.177208,150.935649,EPSG:4326,
2022-12-27T14:00:00Z,6:41 AM,361,361,2022,12,27,,Australia,AU,Queensland,-23.17177,150.94328,EPSG:4326,
2022-12-11T14:00:00Z,,345,345,2022,12,11,,Australia,AU,Queensland,-23.150031,150.765449,EPSG:4326,
2022-01-01T14:00:00Z,,1,1,2022,1,1,,Australia,AU,Queensland,-22.134144,150.051836,EPSG:4326,
2022-12-27T14:00:00Z,7:49 AM,361,361,2022,12,27,,Australia,AU,Queensland,-23.17214,150.94537,EPSG:4326,
2022-01-02T06:31:54Z,,2,2,2022,1,2,,Australia,AU,Queensland,-22.13393,150.051575,EPSG:4326,
2022-12-12T14:00:00Z,4:55 AM,346,346,2022,12,12,,Australia,AU,Queensland,-23.960652,151.392074,EPSG:4326,
2022-11-18T14:00:00Z,8:30 AM,322,322,2022,11,18,,Australia,AU,Queensland,-23.032747,150.772223,EPSG:4326,
2022-12-25T14:00:00Z,18:50,359,359,2022,12,25,,Australia,AU,Queensland,-23.179962,150.93414,EPSG:4326,
2022-12-25T14:00:00Z,8:18 AM,359,359,2022,12,25,,Australia,AU,Queensland,-23.17223,150.94664,EPSG:4326,
2022-01-05T14:00:00Z,,5,5,2022,1,5,,Australia,AU,Queensland,-23.189944,150.949522,EPSG:4326,
2022-12-09T14:00:00Z,5:01 AM,343,343,2022,12,9,,Australia,AU,Queensland,-23.955547,151.385042,EPSG:4326,
2022-12-31T14:00:00Z,,365,365,2022,12,31,,Australia,AU,Queensland,-22.132318,150.050068,EPSG:4326,
2022-11-07T14:00:00Z,3:31 PM,311,311,2022,11,7,,Australia,AU,Queensland,-23.003525,150.774642,EPSG:4326,
2022-10-31T14:00:00Z,5.15am,304,304,2022,10,31,,Australia,AU,Queensland,-23.0622,150.77025,EPSG:4326,
2022-11-20T14:00:00Z,6:41 AM,324,324,2022,11,20,,Australia,AU,Queensland,-23.26566,150.82779,EPSG:4326,
2022-12-24T14:00:00Z,,358,358,2022,12,24,,Australia,AU,Queensland,-22.99557,150.77589,EPSG:4326,
2022-11-23T14:00:00Z,2:50 AM,327,327,2022,11,23,,Australia,AU,Queensland,-23.177363,150.935748,EPSG:4326,
2022-12-06T14:00:00Z,4.50am,340,340,2022,12,6,,Australia,AU,Queensland,-23.247218,150.82388,EPSG:4326,
2022-11-17T14:00:00Z,3.15pm,321,321,2022,11,17,,Australia,AU,Queensland,-22.133572,150.051303,EPSG:4326,
2022-01-12T14:00:00Z,,12,12,2022,1,12,,Australia,AU,Queensland,-23.895501,151.330703,EPSG:4326,
2022-12-31T14:00:00Z,12:42 PM,365,365,2022,12,31,,Australia,AU,Queensland,-23.1573,150.96494,EPSG:4326,
2022-11-14T14:00:00Z,3:00 PM,318,318,2022,11,14,,Australia,AU,Queensland,-23.157134,150.964484,EPSG:4326,
2022-11-16T14:00:00Z,5:36 PM,320,320,2022,11,16,,Australia,AU,Queensland,-23.242758,150.824625,EPSG:4326,
2022-11-27T14:00:00Z,5,331,331,2022,11,27,,Australia,AU,Queensland,-23.248292,150.824094,EPSG:4326,
2022-11-17T14:00:00Z,15.26,321,321,2022,11,17,,Australia,AU,Queensland,-22.133606,150.051439,EPSG:4326,
2022-01-02T14:00:00Z,,2,2,2022,1,2,,Australia,AU,Queensland,-22.135638,150.054621,EPSG:4326,
2021-12-09T00:00:00Z,,343,343,2021,12,9,,Australia,AU,Queensland,-20.25934,148.81437,EPSG:4326,300
2021-09-13T16:24:10Z,16:24:10+08:00,256,256,2021,9,13,Mon Sep 13 2021 16:24:10 GMT+0800 (GMT+8),Australia,AU,,-20.281076,116.268557,EPSG:4326,6831
2021-12-11T16:16:44Z,16:16:44+08:00,345,345,2021,12,11,2021-12-11 16:16:44+08:00,Australia,AU,Western Australia,-20.3,118.7,EPSG:4326,10000
2021-09-08T15:26:07Z,15:26:07+08:00,251,251,2021,9,8,Wed Sep 08 2021 15:26:07 GMT+0800 (GMT+8),Australia,AU,,-20.290363,116.275292,EPSG:4326,65
2021-01-28T04:58:36Z,04:58:36+10:00,28,28,2021,1,28,2021-01-28 4:58:36 AM GMT+10:00,Australia,AU,Queensland,-19.253122,146.818622,EPSG:4326,
2021-11-29T17:25:00Z,17:25:00+08:00,333,333,2021,11,29,2021/11/29 5:25 PM AWST,Australia,AU,Western Australia,-20.6,115.5,EPSG:4326,10000
2021-09-19T16:47:03Z,16:47:03+08:00,262,262,2021,9,19,Sun Sep 19 2021 16:47:03 GMT+0800 (GMT+8),Australia,AU,,-20.289496,116.27538,EPSG:4326,69
2021-09-11T13:10:06Z,13:10:06+08:00,254,254,2021,9,11,Sat Sep 11 2021 13:10:06 GMT+0800 (GMT+8),Australia,AU,,-20.290067,116.275874,EPSG:4326,47
2021-06-26T11:57:00Z,11:57:00+10:00,177,177,2021,6,26,2021/06/26 11:57 AM AEST,Australia,AU,Queensland,-12.560717,141.668507,EPSG:4326,6635
2021-01-05T22:30:00Z,22:30:00+08:00,5,5,2021,1,5,Wed Jan 06 2021 06:30:00 GMT+0800 (GMT+8),Australia,AU,Western Australia,-20.2,118.8,EPSG:4326,10000
2021-01-06T14:00:00Z,,6,6,2021,1,6,,Australia,AU,Queensland,-24.22376,151.92462,EPSG:4326,
2021-01-15T14:00:00Z,,15,15,2021,1,15,,Australia,AU,Queensland,-24.206453,151.904861,EPSG:4326,
2021-01-02T14:00:00Z,,2,2,2021,1,2,,Australia,AU,Queensland,-24.20237,151.90227,EPSG:4326,
2021-01-11T14:00:00Z,,11,11,2021,1,11,,Australia,AU,Queensland,-24.166663,151.891921,EPSG:4326,
2021-01-13T14:00:00Z,,13,13,2021,1,13,,Australia,AU,Queensland,-24.16472,151.891456,EPSG:4326,
2021-01-05T14:00:00Z,,5,5,2021,1,5,,Australia,AU,Queensland,-24.1933,151.8987,EPSG:4326,
2021-01-05T14:00:00Z,,5,5,2021,1,5,,Australia,AU,Queensland,-24.22135,151.92371,EPSG:4326,
2021-01-09T14:00:00Z,,9,9,2021,1,9,,Australia,AU,Queensland,-24.22387,151.9248,EPSG:4326,
2021-01-12T14:00:00Z,,12,12,2021,1,12,,Australia,AU,Queensland,-24.170356,151.892691,EPSG:4326,
2021-01-03T14:00:00Z,,3,3,2021,1,3,,Australia,AU,Queensland,-24.167163,151.892186,EPSG:4326,
2021-02-28T00:00:00Z,,59,59,2021,2,28,,Australia,AU,New South Wales,-32.404663,151.752415,EPSG:4326,1323
2021-01-11T00:00:00Z,,11,11,2021,1,11,,Australia,AU,New South Wales,-34.858031,150.574499,EPSG:4326,1805
2021-02-26T00:00:00Z,,57,57,2021,2,26,,Australia,AU,New South Wales,-35.32075,148.232505,EPSG:4326,3065
2021-02-22T00:00:00Z,,53,53,2021,2,22,,Australia,AU,New South Wales,-31.454902,152.893086,EPSG:4326,4164
2021-01-04T00:00:00Z,,4,4,2021,1,4,,Australia,AU,New South Wales,-33.981427,150.832667,EPSG:4326,2067
2021-04-04T00:00:00Z,,94,94,2021,4,4,,Australia,AU,New South Wales,-33.882016,150.74521,EPSG:4326,2931
2021-02-26T00:00:00Z,,57,57,2021,2,26,,Australia,AU,New South Wales,-32.404663,151.752415,EPSG:4326,1323
2021-03-28T00:00:00Z,,87,87,2021,3,28,,Australia,AU,New South Wales,-33.109603,151.524249,EPSG:4326,1021
2021-05-08T00:00:00Z,,128,128,2021,5,8,,Australia,AU,New South Wales,-33.91116,151.155459,EPSG:4326,1355
2021-04-05T00:00:00Z,,95,95,2021,4,5,,Australia,AU,New South Wales,-34.602418,150.737709,EPSG:4326,2419
2021-04-06T00:00:00Z,,96,96,2021,4,6,,Australia,AU,New South Wales,-28.841696,153.560036,EPSG:4326,2552
2021-05-01T00:00:00Z,,121,121,2021,5,1,,Australia,AU,New South Wales,-33.897878,151.233601,EPSG:4326,842
2021-02-17T00:00:00Z,,48,48,2021,2,17,,Australia,AU,New South Wales,-33.915807,151.176172,EPSG:4326,742
2021-04-23T00:00:00Z,,113,113,2021,4,23,,Australia,AU,New South Wales,-28.316146,153.314784,EPSG:4326,1911
2021-05-03T00:00:00Z,,123,123,2021,5,3,,Australia,AU,New South Wales,-33.211096,151.503441,EPSG:4326,896
2021-04-09T00:00:00Z,,99,99,2021,4,9,,Australia,AU,New South Wales,-32.649663,151.645529,EPSG:4326,1959
2021-03-18T00:00:00Z,,77,77,2021,3,18,,Australia,AU,New South Wales,-32.739357,151.880054,EPSG:4326,3680
2021-04-18T00:00:00Z,,108,108,2021,4,18,,Australia,AU,New South Wales,-32.724199,152.114096,EPSG:4326,987
2021-03-28T00:00:00Z,,87,87,2021,3,28,,Australia,AU,New South Wales,-33.406843,151.46702,EPSG:4326,939
2021-06-19T00:00:00Z,,170,170,2021,6,19,,Australia,AU,New South Wales,-34.033024,151.103026,EPSG:4326,1220
2021-04-06T00:00:00Z,,96,96,2021,4,6,,Australia,AU,New South Wales,-33.768465,150.815808,EPSG:4326,1411
2021-01-13T00:00:00Z,,13,13,2021,1,13,,Australia,AU,New South Wales,-33.630109,150.804916,EPSG:4326,1684
2021-05-02T00:00:00Z,,122,122,2021,5,2,,Australia,AU,New South Wales,-33.962475,150.857204,EPSG:4326,1487
2021-05-08T00:00:00Z,,128,128,2021,5,8,,Australia,AU,New South Wales,-33.677626,150.867518,EPSG:4326,2674
2021-04-16T00:00:00Z,,106,106,2021,4,16,,Australia,AU,New South Wales,-33.702752,150.867087,EPSG:4326,2102
2021-02-04T00:00:00Z,,35,35,2021,2,4,,Australia,AU,New South Wales,-31.092748,150.932034,EPSG:4326,617
2021-03-29T00:00:00Z,,88,88,2021,3,29,,Australia,AU,New South Wales,-32.996834,151.611265,EPSG:4326,732
2021-03-24T00:00:00Z,,83,83,2021,3,24,,Australia,AU,New South Wales,-33.745408,150.693624,EPSG:4326,1971
2021-03-12T00:00:00Z,,71,71,2021,3,12,,Australia,AU,New South Wales,-32.742518,151.615041,EPSG:4326,799
2021-04-04T00:00:00Z,,94,94,2021,4,4,,Australia,AU,New South Wales,-34.729513,149.99958,EPSG:4326,7778
2021-02-21T00:00:00Z,,52,52,2021,2,21,,Australia,AU,New South Wales,-34.023999,150.73492,EPSG:4326,1596
2021-12-23T17:11:54Z,,357,357,2021,12,23,,Australia,AU,Queensland,-23.905305,151.333895,EPSG:4326,
2021-12-30T14:00:00Z,,364,364,2021,12,30,,Australia,AU,Queensland,-22.134859,150.052915,EPSG:4326,
2021-10-28T10:25:07Z,,301,301,2021,10,28,,Australia,AU,Queensland,-23.023022,150.772081,EPSG:4326,
2021-01-07T14:00:00Z,10:37 AM,7,7,2021,1,7,,Australia,AU,Queensland,-23.959592,151.390908,EPSG:4326,
2021-11-16T13:48:44Z,,320,320,2021,11,16,,Australia,AU,Queensland,-23.96499,151.40263,EPSG:4326,
2021-11-17T05:59:07Z,,321,321,2021,11,17,,Australia,AU,Queensland,-23.246882,150.823845,EPSG:4326,
2021-11-16T14:00:00Z,,320,320,2021,11,16,,Australia,AU,Queensland,-23.947325,151.376313,EPSG:4326,
2021-12-09T17:56:13Z,,343,343,2021,12,9,,Australia,AU,Queensland,-23.156753,150.767937,EPSG:4326,
2021-12-15T14:00:00Z,,349,349,2021,12,15,,Australia,AU,Queensland,-23.171737,150.943463,EPSG:4326,
2021-12-06T10:13:50Z,,340,340,2021,12,6,,Australia,AU,Queensland,-23.174881,150.791931,EPSG:4326,
2021-01-10T14:00:00Z,530,10,10,2021,1,10,,Australia,AU,Queensland,-23.226164,150.819368,EPSG:4326,
2021-02-09T14:00:00Z,07.55 PM,40,40,2021,2,9,,Australia,AU,Queensland,-23.17483,150.79183,EPSG:4326,
2021-01-31T14:00:00Z,5:30 AM,31,31,2021,1,31,,Australia,AU,Queensland,-23.1147,150.75022,EPSG:4326,
2021-12-18T14:00:00Z,,352,352,2021,12,18,,Australia,AU,Queensland,-23.08394,150.76052,EPSG:4326,
2021-12-25T06:19:10Z,,359,359,2021,12,25,,Australia,AU,Queensland,-23.951402,151.380415,EPSG:4326,
2021-12-12T17:40:02Z,,346,346,2021,12,12,,Australia,AU,Queensland,-23.951051,151.37648,EPSG:4326,
2021-11-30T13:32:55Z,,334,334,2021,11,30,,Australia,AU,Queensland,-23.17193,150.94444,EPSG:4326,
2021-11-23T14:00:00Z,,327,327,2021,11,23,,Australia,AU,Queensland,-23.16943,150.9362,EPSG:4326,
2021-01-16T14:00:00Z,6:21 AM,16,16,2021,1,16,,Australia,AU,Queensland,-22.132778,150.0503,EPSG:4326,
2021-12-10T06:53:19Z,,344,344,2021,12,10,,Australia,AU,Queensland,-23.14851,150.7646,EPSG:4326,
2021-11-25T14:21:38Z,,329,329,2021,11,25,,Japan,JP,,23.95994,151.39169,EPSG:4326,
2021-02-07T14:00:00Z,530,38,38,2021,2,7,,Australia,AU,Queensland,-23.228944,150.818832,EPSG:4326,
2021-01-26T14:00:00Z,5:22 AM,26,26,2021,1,26,,Australia,AU,Queensland,-23.17309,150.79163,EPSG:4326,
2021-10-28T14:00:00Z,,301,301,2021,10,28,,Australia,AU,Queensland,-23.96552,151.40384,EPSG:4326,
2021-02-12T14:00:00Z,5.30 am,43,43,2021,2,12,,Australia,AU,Queensland,-23.24647,150.82383,EPSG:4326,
2021-12-18T11:00:27Z,,352,352,2021,12,18,,Australia,AU,Queensland,-23.83131,151.281499,EPSG:4326,
2021-12-27T10:10:46Z,,361,361,2021,12,27,,Australia,AU,Queensland,-23.96511,151.40301,EPSG:4326,
2021-11-19T14:00:00Z,,323,323,2021,11,19,,Australia,AU,Queensland,-23.157096,150.960834,EPSG:4326,
2021-10-29T14:00:00Z,,302,302,2021,10,29,,Australia,AU,Queensland,-23.96728,151.40606,EPSG:4326,
2021-10-28T08:00:02Z,,301,301,2021,10,28,,Australia,AU,Queensland,-23.261335,150.827966,EPSG:4326,
2021-12-24T07:08:47Z,,358,358,2021,12,24,,Australia,AU,Queensland,-23.14854,150.76463,EPSG:4326,
2021-01-06T14:00:00Z,5:46 AM,6,6,2021,1,6,,Australia,AU,Queensland,-23.875655,151.383233,EPSG:4326,
2021-11-25T14:00:00Z,,329,329,2021,11,25,,Australia,AU,Queensland,-23.156979,150.966601,EPSG:4326,
2021-12-05T14:00:00Z,,339,339,2021,12,5,,Australia,AU,Queensland,-23.076916,150.884321,EPSG:4326,
2021-01-03T14:00:00Z,10:00 AM,3,3,2021,1,3,,Australia,AU,Queensland,-23.047887,150.87999,EPSG:4326,
2021-12-26T06:19:42Z,,360,360,2021,12,26,,Australia,AU,Queensland,-23.954492,151.383812,EPSG:4326,
2021-10-31T06:20:14Z,,304,304,2021,10,31,,Australia,AU,Queensland,-23.251597,150.824259,EPSG:4326,
2021-12-23T16:51:30Z,,357,357,2021,12,23,,Australia,AU,Queensland,-23.915991,151.341687,EPSG:4326,
2021-12-03T14:00:00Z,,337,337,2021,12,3,,Australia,AU,Queensland,-23.170033,150.93777,EPSG:4326,
2021-11-06T14:00:00Z,,310,310,2021,11,6,,Australia,AU,Queensland,-23.08285,150.76108,EPSG:4326,
2021-01-06T14:00:00Z,5:14 AM,6,6,2021,1,6,,Australia,AU,Queensland,-23.244455,150.824216,EPSG:4326,
2021-02-04T14:00:00Z,7:14 AM,35,35,2021,2,4,,Australia,AU,Queensland,-23.168464,150.791092,EPSG:4326,
2021-03-05T14:00:00Z,9:54 AM,64,64,2021,3,5,,Australia,AU,Queensland,-23.894379,151.329745,EPSG:4326,
2021-11-26T14:00:00Z,,330,330,2021,11,26,,Australia,AU,Queensland,-23.16927,150.936,EPSG:4326,
2021-12-02T14:00:00Z,,336,336,2021,12,2,,Australia,AU,Queensland,-23.947817,151.37679,EPSG:4326,
2021-12-23T14:00:00Z,,357,357,2021,12,23,,Australia,AU,Queensland,-23.171467,150.942013,EPSG:4326,
2021-11-06T11:59:51Z,,310,310,2021,11,6,,Australia,AU,Queensland,-23.172099,150.948822,EPSG:4326,
2021-01-05T14:00:00Z,5:28 AM,5,5,2021,1,5,,Australia,AU,Queensland,-23.168681,150.791061,EPSG:4326,
2021-11-29T19:35:18Z,,333,333,2021,11,29,,Australia,AU,Queensland,-23.229363,150.818993,EPSG:4326,
2021-11-28T14:00:00Z,,332,332,2021,11,28,,Australia,AU,Queensland,-23.191875,150.946143,EPSG:4326,
2021-01-17T14:00:00Z,9.40pm,17,17,2021,1,17,,Australia,AU,Queensland,-23.177003,150.935886,EPSG:4326,
2021-11-19T14:00:00Z,,323,323,2021,11,19,,Australia,AU,Queensland,-23.171243,150.942009,EPSG:4326,
2021-02-01T14:00:00Z,6:14 AM,32,32,2021,2,1,,Australia,AU,Queensland,-23.958959,151.389542,EPSG:4326,
2021-03-25T14:00:00Z,530,84,84,2021,3,25,,Australia,AU,Queensland,-23.232358,150.819965,EPSG:4326,
2021-12-05T14:00:00Z,,339,339,2021,12,5,,Australia,AU,Queensland,-23.172009,150.944677,EPSG:4326,
2021-11-16T07:50:49Z,,320,320,2021,11,16,,Australia,AU,Queensland,-23.260145,150.828537,EPSG:4326,
2021-03-17T14:00:00Z,9:00 AM,76,76,2021,3,17,,Australia,AU,Queensland,-23.157052,150.963564,EPSG:4326,
2021-12-02T14:00:00Z,,336,336,2021,12,2,,Australia,AU,Queensland,-23.15728,150.9639,EPSG:4326,
2021-12-13T10:36:02Z,,347,347,2021,12,13,,Australia,AU,Queensland,-23.959346,151.390022,EPSG:4326,
2021-02-01T14:00:00Z,7:09 AM,32,32,2021,2,1,,Australia,AU,Queensland,-23.964925,151.402242,EPSG:4326,
2021-01-20T14:00:00Z,10:18 AM,20,20,2021,1,20,,Australia,AU,Queensland,-23.171296,150.94153,EPSG:4326,
2021-01-03T14:00:00Z,10:57 AM,3,3,2021,1,3,,Australia,AU,Queensland,-23.880349,151.377252,EPSG:4326,
2021-12-24T14:00:00Z,,358,358,2021,12,24,,Australia,AU,Queensland,-23.17215,150.945744,EPSG:4326,
2021-12-13T14:00:00Z,,347,347,2021,12,13,,Australia,AU,Queensland,-23.169378,150.936204,EPSG:4326,
2021-01-31T14:00:00Z,2:25 PM,31,31,2021,1,31,,Australia,AU,Queensland,-23.171618,150.951405,EPSG:4326,
2021-11-16T14:00:00Z,,320,320,2021,11,16,,Australia,AU,Queensland,-23.947599,151.376463,EPSG:4326,
2021-01-26T14:00:00Z,520,26,26,2021,1,26,,Australia,AU,Queensland,-23.232022,150.819733,EPSG:4326,
2021-01-09T14:00:00Z,6:40 AM,9,9,2021,1,9,,Australia,AU,Queensland,-23.173281,150.79155,EPSG:4326,
2021-12-03T08:15:36Z,,337,337,2021,12,3,,Australia,AU,Queensland,-23.260885,150.828266,EPSG:4326,
2021-11-17T06:30:24Z,,321,321,2021,11,17,,Australia,AU,Queensland,-23.278417,150.824469,EPSG:4326,
2021-12-02T21:05:25Z,,336,336,2021,12,2,,Australia,AU,Queensland,-23.151419,150.900398,EPSG:4326,
2021-01-22T14:00:00Z,7:11 AM,22,22,2021,1,22,,Australia,AU,Queensland,-23.152918,150.766304,EPSG:4326,
2021-12-05T14:00:00Z,,339,339,2021,12,5,,Australia,AU,Queensland,-23.172286,150.947971,EPSG:4326,
2021-10-31T09:20:44Z,,304,304,2021,10,31,,Australia,AU,Queensland,-23.28827,150.81353,EPSG:4326,
2021-12-11T19:26:17Z,,345,345,2021,12,11,,Australia,AU,Queensland,-23.938904,151.368556,EPSG:4326,
2021-11-27T14:00:00Z,,331,331,2021,11,27,,Australia,AU,Queensland,-23.157129,150.965004,EPSG:4326,
2021-01-01T14:00:00Z,630,1,1,2021,1,1,,Australia,AU,Queensland,-23.235648,150.820484,EPSG:4326,
2021-03-15T14:00:00Z,1:30 PM,74,74,2021,3,15,,Australia,AU,Queensland,-23.157234,150.963777,EPSG:4326,
2021-12-15T14:00:00Z,,349,349,2021,12,15,,Australia,AU,Queensland,-23.96372,151.39889,EPSG:4326,
2021-12-13T06:39:21Z,,347,347,2021,12,13,,Australia,AU,Queensland,-23.229081,150.818898,EPSG:4326,
2021-12-05T14:00:00Z,,339,339,2021,12,5,,Australia,AU,Queensland,-23.07674,150.88455,EPSG:4326,
2021-12-30T14:00:00Z,,364,364,2021,12,30,,Australia,AU,Queensland,-22.134269,150.051859,EPSG:4326,
2021-12-30T14:00:00Z,,364,364,2021,12,30,,Australia,AU,Queensland,-22.135677,150.054944,EPSG:4326,
2021-11-15T14:00:00Z,,319,319,2021,11,15,,Australia,AU,Queensland,-23.164178,150.918044,EPSG:4326,
2021-01-03T14:00:00Z,6:25 AM,3,3,2021,1,3,,Australia,AU,Queensland,-23.94758,151.37652,EPSG:4326,
2021-02-05T14:00:00Z,630,36,36,2021,2,5,,Australia,AU,Queensland,-23.228551,150.819083,EPSG:4326,
2021-12-22T14:00:00Z,,356,356,2021,12,22,,Australia,AU,Queensland,-23.172072,150.945204,EPSG:4326,
2021-12-18T16:33:53Z,,352,352,2021,12,18,,Australia,AU,Queensland,-23.957664,151.387948,EPSG:4326,
2021-10-30T06:24:01Z,,303,303,2021,10,30,,Australia,AU,Queensland,-23.25028,150.82397,EPSG:4326,
2021-12-21T19:59:14Z,,355,355,2021,12,21,,Australia,AU,Queensland,-23.95975,151.39051,EPSG:4326,
2021-12-03T06:04:58Z,,337,337,2021,12,3,,Australia,AU,Queensland,-23.277353,150.824328,EPSG:4326,
2021-11-10T08:58:56Z,,314,314,2021,11,10,,Australia,AU,Queensland,-23.965264,151.403216,EPSG:4326,
2021-12-05T14:00:00Z,,339,339,2021,12,5,,Australia,AU,Queensland,-23.19048,150.948485,EPSG:4326,
2021-02-11T14:00:00Z,3:30 PM,42,42,2021,2,11,,Australia,AU,Queensland,-23.954949,151.384254,EPSG:4326,
2021-12-20T07:35:46Z,,354,354,2021,12,20,,Australia,AU,Queensland,-23.26069,150.82826,EPSG:4326,
2021-03-05T14:00:00Z,10:00 AM,64,64,2021,3,5,,Australia,AU,Queensland,-23.87957,151.32485,EPSG:4326,
2021-11-02T08:58:22Z,,306,306,2021,11,2,,Australia,AU,Queensland,-23.948166,151.377052,EPSG:4326,
2021-11-24T14:00:00Z,,328,328,2021,11,24,,Australia,AU,Queensland,-23.16943,150.9362,EPSG:4326,
2021-12-10T14:00:00Z,,344,344,2021,12,10,,Australia,AU,Queensland,-23.171873,150.94426,EPSG:4326,
2021-12-03T06:07:00Z,,337,337,2021,12,3,,Australia,AU,Queensland,-23.246598,150.823846,EPSG:4326,
2021-12-01T14:00:00Z,,335,335,2021,12,1,,Australia,AU,Queensland,-23.28772,150.81387,EPSG:4326,
2021-11-22T14:00:00Z,,326,326,2021,11,22,,Australia,AU,Queensland,-23.169983,150.937492,EPSG:4326,
2021-11-17T07:36:56Z,,321,321,2021,11,17,,Australia,AU,Queensland,-23.287646,150.813864,EPSG:4326,
2021-02-20T14:00:00Z,11:41 AM,51,51,2021,2,20,,Australia,AU,Queensland,-23.954927,151.384222,EPSG:4326,
2021-11-23T07:49:55Z,,327,327,2021,11,23,,Australia,AU,Queensland,-23.248873,150.823898,EPSG:4326,
2021-11-27T14:00:00Z,,331,331,2021,11,27,,Australia,AU,Queensland,-23.156461,150.966785,EPSG:4326,
2021-11-19T06:48:14Z,,323,323,2021,11,19,,Australia,AU,Queensland,-23.913525,151.339274,EPSG:4326,
2021-12-05T14:00:00Z,,339,339,2021,12,5,,Australia,AU,Queensland,-23.172213,150.945719,EPSG:4326,
2021-12-16T06:58:54Z,,350,350,2021,12,16,,Australia,AU,Queensland,-23.278003,150.824397,EPSG:4326,
2021-11-16T14:00:00Z,,320,320,2021,11,16,,Australia,AU,Queensland,-23.911944,151.337865,EPSG:4326,
2021-01-06T14:00:00Z,10:53 AM,6,6,2021,1,6,,Australia,AU,Queensland,-23.171468,150.942275,EPSG:4326,
2021-11-23T14:00:00Z,,327,327,2021,11,23,,Australia,AU,Queensland,-23.09624,150.75513,EPSG:4326,
2021-12-03T14:00:00Z,,337,337,2021,12,3,,Australia,AU,Queensland,-23.1908,150.79225,EPSG:4326,
2021-12-15T12:20:40Z,,349,349,2021,12,15,,Australia,AU,Queensland,-23.956036,151.378808,EPSG:4326,
2021-01-07T14:00:00Z,9:55 AM,7,7,2021,1,7,,Australia,AU,Queensland,-23.005898,150.774159,EPSG:4326,
2021-10-27T14:00:00Z,,300,300,2021,10,27,,Australia,AU,Queensland,-23.158819,150.960032,EPSG:4326,
2021-11-10T09:37:01Z,,314,314,2021,11,10,,Australia,AU,Queensland,-23.95757,151.3878,EPSG:4326,
2021-02-04T14:00:00Z,530,35,35,2021,2,4,,Australia,AU,Queensland,-23.228606,150.818804,EPSG:4326,
2021-12-07T14:00:00Z,,341,341,2021,12,7,,Australia,AU,Queensland,-23.157036,150.96626,EPSG:4326,
2021-12-03T08:03:54Z,,337,337,2021,12,3,,Australia,AU,Queensland,-23.259572,150.828182,EPSG:4326,
2021-01-26T14:00:00Z,6:04 AM,26,26,2021,1,26,,Australia,AU,Queensland,-23.946667,151.375556,EPSG:4326,
2021-12-12T10:19:26Z,,346,346,2021,12,12,,Australia,AU,Queensland,-23.952933,151.382113,EPSG:4326,
2021-11-18T14:00:00Z,,322,322,2021,11,18,,Australia,AU,Queensland,-23.07676,150.884396,EPSG:4326,
2021-10-23T14:00:00Z,,296,296,2021,10,23,,Australia,AU,Queensland,-22.13556,150.05463,EPSG:4326,
2021-11-06T12:21:09Z,,310,310,2021,11,6,,Australia,AU,Queensland,-23.171898,150.944093,EPSG:4326,
2021-01-22T14:00:00Z,05.00am,22,22,2021,1,22,,Australia,AU,Queensland,-23.244976,150.824029,EPSG:4326,
2021-12-06T14:00:00Z,,340,340,2021,12,6,,Australia,AU,Queensland,-23.08833,150.75845,EPSG:4326,
2021-01-20T14:00:00Z,530,20,20,2021,1,20,,Australia,AU,Queensland,-23.232922,150.819636,EPSG:4326,
2021-03-13T14:00:00Z,1:19 PM,72,72,2021,3,13,,Australia,AU,Queensland,-23.157149,150.964235,EPSG:4326,
2021-12-12T09:37:13Z,,346,346,2021,12,12,,Australia,AU,Queensland,-23.956031,151.385638,EPSG:4326,
2021-01-26T14:00:00Z,530,26,26,2021,1,26,,Australia,AU,Queensland,-23.22963,150.819069,EPSG:4326,
2021-12-18T09:18:04Z,,352,352,2021,12,18,,Australia,AU,Queensland,-23.286774,150.814341,EPSG:4326,
2021-11-02T06:14:57Z,,306,306,2021,11,2,,Australia,AU,Queensland,-23.277508,150.824389,EPSG:4326,
2021-01-28T14:00:00Z,5:25am,28,28,2021,1,28,,Australia,AU,Queensland,-23.191684,150.791924,EPSG:4326,
2021-02-13T14:00:00Z,05.00am,44,44,2021,2,13,,Australia,AU,Queensland,-23.10716,150.75164,EPSG:4326,
2021-12-16T06:39:41Z,,350,350,2021,12,16,,Australia,AU,Queensland,-23.250221,150.823966,EPSG:4326,
2021-11-20T14:00:00Z,,324,324,2021,11,20,,Australia,AU,Queensland,-23.171,150.975,EPSG:4326,
2021-02-18T14:00:00Z,530,49,49,2021,2,18,,Australia,AU,Queensland,-23.231485,150.819587,EPSG:4326,
2021-11-27T14:00:00Z,,331,331,2021,11,27,,Australia,AU,Queensland,-23.96043,151.39187,EPSG:4326,
2021-12-05T17:39:12Z,,339,339,2021,12,5,,Australia,AU,Queensland,-23.15,150.76,EPSG:4326,
2021-12-07T07:28:37Z,,341,341,2021,12,7,,Australia,AU,Queensland,-23.9528,151.38194,EPSG:4326,
2021-12-18T14:00:00Z,,352,352,2021,12,18,,Australia,AU,Queensland,-23.171683,150.943697,EPSG:4326,
2021-11-20T14:00:00Z,,324,324,2021,11,20,,Australia,AU,Queensland,-23.173,150.976,EPSG:4326,
2021-01-06T14:00:00Z,6:06 PM,6,6,2021,1,6,,Australia,AU,Queensland,-23.87487,151.385143,EPSG:4326,
2021-11-06T08:53:31Z,,310,310,2021,11,6,,Australia,AU,Queensland,-23.14665,150.76409,EPSG:4326,
2021-01-02T14:00:00Z,5:27 AM,2,2,2021,1,2,,Australia,AU,Queensland,-23.95481,151.384365,EPSG:4326,
2021-11-13T12:16:33Z,,317,317,2021,11,13,,Australia,AU,Queensland,-23.172087,150.944724,EPSG:4326,
2021-02-17T14:00:00Z,530,48,48,2021,2,17,,Australia,AU,Queensland,-23.232203,150.819307,EPSG:4326,
2021-01-09T14:00:00Z,630,9,9,2021,1,9,,Australia,AU,Queensland,-23.226335,150.818896,EPSG:4326,
2021-11-24T20:07:38Z,,328,328,2021,11,24,,Australia,AU,Queensland,-23.0825,150.76124,EPSG:4326,
2021-12-25T10:30:26Z,,359,359,2021,12,25,,Australia,AU,Queensland,-23.18668,150.79308,EPSG:4326,
2021-11-18T18:53:42Z,,322,322,2021,11,18,,Australia,AU,Queensland,-23.277567,150.824628,EPSG:4326,
2021-01-17T14:00:00Z,5:30 AM,17,17,2021,1,17,,Australia,AU,Queensland,-23.244787,150.824171,EPSG:4326,
2021-12-25T06:40:02Z,,359,359,2021,12,25,,Australia,AU,Queensland,-24.038953,151.407571,EPSG:4326,
2021-12-18T07:12:23Z,,352,352,2021,12,18,,Australia,AU,Queensland,-23.244312,150.824295,EPSG:4326,
2021-01-01T14:00:00Z,9:47 AM,1,1,2021,1,1,,Australia,AU,Queensland,-23.172312,150.947933,EPSG:4326,
2021-11-25T14:00:00Z,,329,329,2021,11,25,,Australia,AU,Queensland,-23.16927,150.93559,EPSG:4326,
2021-11-17T22:05:21Z,,321,321,2021,11,17,,Australia,AU,Queensland,-23.277267,150.824361,EPSG:4326,
2021-11-16T14:00:00Z,,320,320,2021,11,16,,Australia,AU,Queensland,-23.27817,150.82439,EPSG:4326,
2021-11-15T22:23:49Z,,319,319,2021,11,15,,Australia,AU,Queensland,-23.25486,150.82684,EPSG:4326,
2021-01-05T14:00:00Z,Aww:46 AM,5,5,2021,1,5,,Australia,AU,Queensland,-23.951314,151.380161,EPSG:4326,
2021-01-03T14:00:00Z,08.00 am,3,3,2021,1,3,,Australia,AU,Queensland,-23.190556,150.948121,EPSG:4326,
2021-12-17T14:00:00Z,,351,351,2021,12,17,,Australia,AU,Queensland,-23.0999,150.75442,EPSG:4326,
2021-12-03T06:44:58Z,,337,337,2021,12,3,,Australia,AU,Queensland,-23.278597,150.824486,EPSG:4326,
2021-01-06T14:00:00Z,5:55 PM,6,6,2021,1,6,,Australia,AU,Queensland,-23.875184,151.38422,EPSG:4326,
2021-12-04T14:00:00Z,,338,338,2021,12,4,,Australia,AU,Queensland,-23.190549,150.948255,EPSG:4326,
2021-12-30T14:00:00Z,,364,364,2021,12,30,,Australia,AU,Queensland,-22.134416,150.052191,EPSG:4326,
2021-02-17T14:00:00Z,1:15 PM,48,48,2021,2,17,,Australia,AU,Queensland,-23.24037,150.825396,EPSG:4326,
2020-06-27T14:30:00Z,10:00 PM,179,179,2020,6,27,,Australia,AU,Northern Territory,-12.363562,130.865901,EPSG:4326,
2020-06-28T14:30:00Z,10:00 PM,180,180,2020,6,28,,Australia,AU,Northern Territory,-12.364149,130.865557,EPSG:4326,
2020-06-11T14:30:00Z,6:00 PM,163,163,2020,6,11,,Australia,AU,Northern Territory,-12.363436,130.865773,EPSG:4326,
2020-02-09T14:30:00Z,,40,40,2020,2,9,,Australia,AU,Northern Territory,-12.334573,130.903581,EPSG:4326,
2020-02-04T17:27:10Z,17:27:10+11:00,35,35,2020,2,4,Tue Feb 04 2020 17:27:10 GMT+1100 (GMT+11),Australia,AU,Queensland,-24.79759,152.442517,EPSG:4326,106
2020-11-13T08:32:00Z,08:32:00+08:00,318,318,2020,11,13,2020/11/13 8:32 AM AWST,Australia,AU,Western Australia,-18,122.4,EPSG:4326,10000
2020-11-10T14:00:00Z,,315,315,2020,11,10,,Australia,AU,Queensland,-24.175875,151.894066,EPSG:4326,
2020-12-16T14:00:00Z,,351,351,2020,12,16,,Australia,AU,Queensland,-24.22155,151.92388,EPSG:4326,
2020-12-29T14:00:00Z,,364,364,2020,12,29,,Australia,AU,Queensland,-24.20022,151.90138,EPSG:4326,
2020-12-12T14:00:00Z,,347,347,2020,12,12,,Australia,AU,Queensland,-24.18725,151.89681,EPSG:4326,
2020-11-17T14:00:00Z,,322,322,2020,11,17,,Australia,AU,Queensland,-24.201582,151.901764,EPSG:4326,
2020-12-03T14:00:00Z,,338,338,2020,12,3,,Australia,AU,Queensland,-24.194,151.899,EPSG:4326,
2020-12-29T14:00:00Z,,364,364,2020,12,29,,Australia,AU,Queensland,-24.1877,151.8969,EPSG:4326,
2020-11-11T14:00:00Z,,316,316,2020,11,11,,Australia,AU,Queensland,-24.194842,151.899369,EPSG:4326,
2020-12-16T14:00:00Z,,351,351,2020,12,16,,Australia,AU,Queensland,-24.21888,151.9229,EPSG:4326,
2020-11-12T14:00:00Z,,317,317,2020,11,12,,Australia,AU,Queensland,-24.21789,151.92249,EPSG:4326,
2020-12-17T14:00:00Z,,352,352,2020,12,17,,Australia,AU,Queensland,-24.22339,151.9246,EPSG:4326,
2020-11-17T14:00:00Z,,322,322,2020,11,17,,Australia,AU,Queensland,-24.207371,151.905701,EPSG:4326,
2020-12-01T14:00:00Z,,336,336,2020,12,1,,Australia,AU,Queensland,-24.177092,151.894354,EPSG:4326,
2020-11-22T14:00:00Z,,327,327,2020,11,22,,Australia,AU,Queensland,-24.2208,151.92366,EPSG:4326,
2020-12-29T14:00:00Z,,364,364,2020,12,29,,Australia,AU,Queensland,-24.1835,151.8958,EPSG:4326,
2020-12-28T14:00:00Z,,363,363,2020,12,28,,Australia,AU,Queensland,-24.20022,151.90138,EPSG:4326,
2020-11-20T14:00:00Z,,325,325,2020,11,20,,Japan,JP,,24.18792,151.89706,EPSG:4326,
2020-12-29T14:00:00Z,,364,364,2020,12,29,,Australia,AU,Queensland,-24.208792,151.907002,EPSG:4326,
2020-12-09T14:00:00Z,,344,344,2020,12,9,,Australia,AU,Queensland,-24.1918,151.8982,EPSG:4326,
2020-12-29T14:00:00Z,,364,364,2020,12,29,,Australia,AU,Queensland,-24.20478,151.90355,EPSG:4326,
2020-11-24T14:00:00Z,,329,329,2020,11,24,,Australia,AU,Queensland,-24.163141,151.89102,EPSG:4326,
2020-12-02T14:00:00Z,,337,337,2020,12,2,,Australia,AU,Queensland,-24.207956,151.906174,EPSG:4326,
2020-12-15T14:00:00Z,,350,350,2020,12,15,,Australia,AU,Queensland,-24.1895,151.8985,EPSG:4326,
2020-11-10T14:00:00Z,,315,315,2020,11,10,,Australia,AU,Queensland,-24.201396,151.91134,EPSG:4326,
2020-12-17T14:00:00Z,,352,352,2020,12,17,,Australia,AU,Queensland,-24.162173,151.890778,EPSG:4326,
2020-02-18T00:00:00Z,,49,49,2020,2,18,,Australia,AU,New South Wales,-34.930557,150.75806,EPSG:4326,
2020-02-18T00:00:00Z,,49,49,2020,2,18,,Australia,AU,New South Wales,-34.930557,150.75806,EPSG:4326,
2020-02-18T00:00:00Z,,49,49,2020,2,18,,Australia,AU,New South Wales,-34.930557,150.75806,EPSG:4326,
2020-08-19T00:00:00Z,,232,232,2020,8,19,,Australia,AU,New South Wales,-34.79258,150.726786,EPSG:4326,4055
2020-10-31T00:00:00Z,,305,305,2020,10,31,,Australia,AU,New South Wales,-31.057979,153.028594,EPSG:4326,3316
2020-02-16T00:00:00Z,,47,47,2020,2,16,,Australia,AU,New South Wales,-34.92792,150.75157,EPSG:4326,2063
2020-12-26T00:00:00Z,,361,361,2020,12,26,,Australia,AU,New South Wales,-35.108172,147.359837,EPSG:4326,1678
2020-09-19T00:00:00Z,,263,263,2020,9,19,,Australia,AU,New South Wales,-31.761352,152.514736,EPSG:4326,3357
2020-12-28T00:00:00Z,,363,363,2020,12,28,,Australia,AU,New South Wales,-32.899526,151.660942,EPSG:4326,1888
2020-10-01T00:00:00Z,,275,275,2020,10,1,,Australia,AU,New South Wales,-35.732433,148.05509,EPSG:4326,8588
2020-10-08T00:00:00Z,,282,282,2020,10,8,,Australia,AU,New South Wales,-35.250805,149.332925,EPSG:4326,5248
2020-09-08T00:00:00Z,,252,252,2020,9,8,,Australia,AU,New South Wales,-32.903714,151.610992,EPSG:4326,1969
2020-11-13T00:00:00Z,,318,318,2020,11,13,,Australia,AU,New South Wales,-33.745408,150.693624,EPSG:4326,1971
2020-11-01T00:00:00Z,,306,306,2020,11,1,,Australia,AU,New South Wales,-33.761449,150.870984,EPSG:4326,1377
2020-11-12T00:00:00Z,,317,317,2020,11,12,,Australia,AU,New South Wales,-34.47209,150.332793,EPSG:4326,4162
2020-11-18T00:00:00Z,,323,323,2020,11,18,,Australia,AU,New South Wales,-29.970178,151.228889,EPSG:4326,9282
2020-11-22T00:00:00Z,,327,327,2020,11,22,,Australia,AU,New South Wales,-34.461697,150.486827,EPSG:4326,4312
2020-10-16T00:00:00Z,,290,290,2020,10,16,,Australia,AU,New South Wales,-34.058504,151.15174,EPSG:4326,1110
2020-10-09T00:00:00Z,,283,283,2020,10,9,,Australia,AU,New South Wales,-33.918992,151.076394,EPSG:4326,834
2020-10-07T00:00:00Z,,281,281,2020,10,7,,Australia,AU,New South Wales,-29.586585,152.934348,EPSG:4326,2007
2020-02-23T00:00:00Z,,54,54,2020,2,23,,Australia,AU,New South Wales,-28.32897,153.568985,EPSG:4326,676
2020-09-30T00:00:00Z,,274,274,2020,9,30,,Australia,AU,New South Wales,-34.229385,150.590762,EPSG:4326,2325
2020-02-20T00:00:00Z,,51,51,2020,2,20,,Australia,AU,New South Wales,-33.76958,151.24883,EPSG:4326,1458
2020-10-15T00:00:00Z,,289,289,2020,10,15,,Australia,AU,New South Wales,-34.023999,150.73492,EPSG:4326,1596
2020-02-16T00:00:00Z,,47,47,2020,2,16,,Australia,AU,New South Wales,-34.92792,150.75157,EPSG:4326,2063
2020-12-24T14:00:00Z,7:01 AM,359,359,2020,12,24,,Australia,AU,Queensland,-23.947362,151.37561,EPSG:4326,
2020-11-18T14:00:00Z,6:20 PM,323,323,2020,11,18,,Australia,AU,Queensland,-23.963653,151.398164,EPSG:4326,
2020-12-06T14:00:00Z,8:45 AM,341,341,2020,12,6,,Australia,AU,Queensland,-23.044522,150.771882,EPSG:4326,
2020-11-21T14:00:00Z,6:29 PM,326,326,2020,11,21,,Australia,AU,Queensland,-23.170735,150.791252,EPSG:4326,
2020-12-06T14:00:00Z,8:13 AM,341,341,2020,12,6,,Australia,AU,Queensland,-23.959592,151.390908,EPSG:4326,
2020-11-19T14:00:00Z,5:05 AM,324,324,2020,11,19,,Australia,AU,Queensland,-23.244838,150.824112,EPSG:4326,
2020-12-19T14:00:00Z,10.02am,354,354,2020,12,19,,Australia,AU,Queensland,-23.171853,150.943375,EPSG:4326,
2020-01-18T14:00:00Z,5:08 AM,18,18,2020,1,18,,Australia,AU,Queensland,-23.250707,150.824075,EPSG:4326,
2020-12-02T14:00:00Z,12:36 PM,337,337,2020,12,2,,Australia,AU,Queensland,-23.17223,150.9471,EPSG:4326,
2020-12-05T14:00:00Z,9.10am,340,340,2020,12,5,,Australia,AU,Queensland,-23.169317,150.936083,EPSG:4326,
2020-12-27T14:00:00Z,1:20 PM,362,362,2020,12,27,,Australia,AU,Queensland,-23.169771,150.93703,EPSG:4326,
2020-12-18T14:00:00Z,550,353,353,2020,12,18,,Australia,AU,Queensland,-23.229897,150.819188,EPSG:4326,
2020-12-16T14:00:00Z,5:03 AM,351,351,2020,12,16,,Australia,AU,Queensland,-23.243503,150.824433,EPSG:4326,
2020-01-02T14:00:00Z,10:00AM,2,2,2020,1,2,,Australia,AU,Queensland,-23.192453,150.945254,EPSG:4326,
2020-11-22T14:00:00Z,4:21 AM,327,327,2020,11,22,,Australia,AU,Queensland,-23.034758,150.772176,EPSG:4326,
2020-11-07T14:00:00Z,700,312,312,2020,11,7,,Australia,AU,Queensland,-23.236758,150.821093,EPSG:4326,
2020-11-20T14:00:00Z,4:42 PM,325,325,2020,11,20,,Australia,AU,Queensland,-23.959838,151.390801,EPSG:4326,
2020-12-03T14:00:00Z,5:49 AM,338,338,2020,12,3,,Australia,AU,Queensland,-23.251333,150.824333,EPSG:4326,
2020-12-03T14:00:00Z,6:35 AM,338,338,2020,12,3,,Australia,AU,Queensland,-23.170878,150.791153,EPSG:4326,
2020-12-14T14:00:00Z,4:55 AM,349,349,2020,12,14,,Australia,AU,Queensland,-23.241115,150.825002,EPSG:4326,
2020-11-17T14:00:00Z,6:24 PM,322,322,2020,11,17,,Australia,AU,Queensland,-23.964967,151.402297,EPSG:4326,
2020-12-06T14:00:00Z,5:51 AM,341,341,2020,12,6,,Australia,AU,Queensland,-23.22642,150.81923,EPSG:4326,
2020-12-27T14:00:00Z,4:36 PM,362,362,2020,12,27,,Australia,AU,Queensland,-23.880109,151.379178,EPSG:4326,
2020-12-06T14:00:00Z,8:33 AM,341,341,2020,12,6,,Australia,AU,Queensland,-23.962511,151.396646,EPSG:4326,
2020-11-29T14:00:00Z,4:51 AM,334,334,2020,11,29,,Australia,AU,Queensland,-23.244657,150.824189,EPSG:4326,
2020-12-26T14:00:00Z,6:30 AM,361,361,2020,12,26,,Australia,AU,Queensland,-23.105752,150.75305,EPSG:4326,
2020-12-26T14:00:00Z,5:28 AM,361,361,2020,12,26,,Australia,AU,Queensland,-23.240596,150.82514,EPSG:4326,
2020-11-23T14:00:00Z,550,328,328,2020,11,23,,Australia,AU,Queensland,-23.225343,150.819261,EPSG:4326,
2020-12-19T14:00:00Z,7:00 AM,354,354,2020,12,19,,Australia,AU,Queensland,-23.962342,151.395961,EPSG:4326,
2020-11-18T14:00:00Z,5:13 AM,323,323,2020,11,18,,Australia,AU,Queensland,-23.244504,150.824217,EPSG:4326,
2020-12-05T14:00:00Z,5:58 AM,340,340,2020,12,5,,Australia,AU,Queensland,-23.173171,150.791617,EPSG:4326,
2020-01-07T14:00:00Z,4:30 AM,7,7,2020,1,7,,Australia,AU,Queensland,-23.254264,150.826114,EPSG:4326,
2020-12-02T14:00:00Z,10.40am,337,337,2020,12,2,,Australia,AU,Queensland,-23.17597,150.9366,EPSG:4326,
2020-12-09T14:00:00Z,7:15 AM,344,344,2020,12,9,,Australia,AU,Queensland,-23.946389,151.375556,EPSG:4326,
2020-12-16T14:00:00Z,5:15 AM,351,351,2020,12,16,,Australia,AU,Queensland,-23.24138,150.824966,EPSG:4326,
2020-11-15T14:00:00Z,9.00am,320,320,2020,11,15,,Australia,AU,Queensland,-23.172233,150.945417,EPSG:4326,
2020-02-14T14:00:00Z,4:05 AM,45,45,2020,2,14,,Australia,AU,Queensland,-22.143826,150.009878,EPSG:4326,
2020-01-20T14:00:00Z,5:16 AM,20,20,2020,1,20,,Australia,AU,Queensland,-23.250496,150.823998,EPSG:4326,
2020-01-20T14:00:00Z,8:18 PM,20,20,2020,1,20,,Australia,AU,Queensland,-23.277231,150.8246,EPSG:4326,
2020-12-13T14:00:00Z,3:53 PM,348,348,2020,12,13,,Australia,AU,Queensland,-23.983,151.423,EPSG:4326,
2020-11-13T14:00:00Z,9.00am,318,318,2020,11,13,,Australia,AU,Queensland,-23.181883,150.936433,EPSG:4326,
2020-12-16T14:00:00Z,1105am,351,351,2020,12,16,,Australia,AU,Queensland,-23.171917,150.944234,EPSG:4326,
2020-12-07T14:00:00Z,7:49 AM,342,342,2020,12,7,,Australia,AU,Queensland,-23.034818,150.772055,EPSG:4326,
2020-11-18T14:00:00Z,6:14 PM,323,323,2020,11,18,,Australia,AU,Queensland,-23.958032,151.388461,EPSG:4326,
2020-12-03T14:00:00Z,6:50 AM,338,338,2020,12,3,,Australia,AU,Queensland,-23.978329,151.417492,EPSG:4326,
2020-12-02T14:00:00Z,5:16 AM,337,337,2020,12,2,,Australia,AU,Queensland,-23.246818,150.823932,EPSG:4326,
2020-01-30T14:00:00Z,5:48 AM,30,30,2020,1,30,,Australia,AU,Queensland,-23.15504,150.766853,EPSG:4326,
2020-11-22T14:00:00Z,5:32 AM,327,327,2020,11,22,,Australia,AU,Queensland,-23.050792,150.772058,EPSG:4326,
2020-12-18T14:00:00Z,07:15AM,353,353,2020,12,18,,Australia,AU,Queensland,-23.180817,150.9357,EPSG:4326,
2020-12-07T14:00:00Z,4:07 PM,342,342,2020,12,7,,Australia,AU,Queensland,-23.954744,151.384204,EPSG:4326,
2020-11-07T14:00:00Z,9am,312,312,2020,11,7,,Australia,AU,Queensland,-23.951842,151.380726,EPSG:4326,
2020-12-11T14:00:00Z,5:45 AM,346,346,2020,12,11,,Australia,AU,Queensland,-23.11475,150.7503,EPSG:4326,
2020-11-06T14:00:00Z,9:37 PM,311,311,2020,11,6,,Australia,AU,Queensland,-23.057642,150.772504,EPSG:4326,
2020-12-26T14:00:00Z,12:09 PM,361,361,2020,12,26,,Australia,AU,Queensland,-23.880383,151.376222,EPSG:4326,
2020-12-06T14:00:00Z,4:43 AM,341,341,2020,12,6,,Australia,AU,Queensland,-23.23334,150.819917,EPSG:4326,
2020-01-25T14:00:00Z,13.15,25,25,2020,1,25,,Australia,AU,Queensland,-22.81923,150.80023,EPSG:4326,
2020-12-18T14:00:00Z,5:04 AM,353,353,2020,12,18,,Australia,AU,Queensland,-23.249454,150.823845,EPSG:4326,
2020-12-07T14:00:00Z,8:30 AM,342,342,2020,12,7,,Australia,AU,Queensland,-23.96217,151.394305,EPSG:4326,
2020-12-01T14:00:00Z,7:45,336,336,2020,12,1,,Australia,AU,Queensland,-23.003352,150.774518,EPSG:4326,
2020-12-24T14:00:00Z,4.30am,359,359,2020,12,24,,Australia,AU,Queensland,-23.236758,150.821093,EPSG:4326,
2020-11-18T14:00:00Z,6:35 PM,323,323,2020,11,18,,Australia,AU,Queensland,-23.967519,151.406647,EPSG:4326,
2020-02-12T14:00:00Z,8:44 AM,43,43,2020,2,12,,Australia,AU,Queensland,-23.224977,150.819131,EPSG:4326,
2020-12-27T14:00:00Z,5.00am,362,362,2020,12,27,,Australia,AU,Queensland,-23.107142,150.751645,EPSG:4326,
2020-11-21T14:00:00Z,7:57 AM,326,326,2020,11,21,,Australia,AU,Queensland,-23.173275,150.791594,EPSG:4326,
2020-01-18T14:00:00Z,5:29 AM,18,18,2020,1,18,,Australia,AU,Queensland,-23.249963,150.823833,EPSG:4326,
2020-11-14T14:00:00Z,2:33 PM,319,319,2020,11,14,,Australia,AU,Queensland,-23.172873,150.976439,EPSG:4326,
2020-12-19T14:00:00Z,10. 36am,354,354,2020,12,19,,Australia,AU,Queensland,-23.171286,150.941841,EPSG:4326,
2020-12-22T14:00:00Z,8:40 AM,357,357,2020,12,22,,Australia,AU,Queensland,-23.052046,150.77211,EPSG:4326,
2020-11-20T14:00:00Z,7:23 AM,325,325,2020,11,20,,Australia,AU,Queensland,-23.901425,151.332425,EPSG:4326,
2020-11-20T14:00:00Z,7:01 AM,325,325,2020,11,20,,Australia,AU,Queensland,-23.906633,151.334476,EPSG:4326,
2020-11-19T14:00:00Z,8:00 PM,324,324,2020,11,19,,Australia,AU,Queensland,-23.971586,151.410448,EPSG:4326,
2020-11-22T14:00:00Z,5:32 AM,327,327,2020,11,22,,Australia,AU,Queensland,-23.050792,150.772058,EPSG:4326,
2020-12-06T14:00:00Z,5:45 PM,341,341,2020,12,6,,Australia,AU,Queensland,-23.921337,151.346971,EPSG:4326,
2020-12-20T14:00:00Z,7:42 AM,355,355,2020,12,20,,Australia,AU,Queensland,-23.96298,151.39708,EPSG:4326,
2020-12-26T14:00:00Z,9:27 PM,361,361,2020,12,26,,Australia,AU,Queensland,-23.874673,151.385025,EPSG:4326,
2020-01-09T14:00:00Z,5:42 AM,9,9,2020,1,9,,Australia,AU,Queensland,-23.252836,150.824828,EPSG:4326,
2020-12-27T14:00:00Z,04.30am,362,362,2020,12,27,,Australia,AU,Queensland,-23.22461,150.81913,EPSG:4326,
2020-12-14T14:00:00Z,4:48 AM,349,349,2020,12,14,,Australia,AU,Queensland,-23.242304,150.824797,EPSG:4326,
2020-12-16T14:00:00Z,5:00 AM,351,351,2020,12,16,,Australia,AU,Queensland,-23.243645,150.824479,EPSG:4326,
2020-12-18T14:00:00Z,6.14am,353,353,2020,12,18,,Australia,AU,Queensland,-23.16852,150.79097,EPSG:4326,
2020-12-19T14:00:00Z,10:49 AM,354,354,2020,12,19,,Australia,AU,Queensland,-23.95483,151.38437,EPSG:4326,
2020-10-28T14:00:00Z,10,302,302,2020,10,28,,Australia,AU,Queensland,-23.179191,150.932802,EPSG:4326,
2020-11-19T14:00:00Z,5:10 PM,324,324,2020,11,19,,Australia,AU,Queensland,-23.077611,150.762864,EPSG:4326,
2020-12-02T14:00:00Z,12.3,337,337,2020,12,2,,Australia,AU,Queensland,-23.17222,150.9454,EPSG:4326,
2020-12-17T14:00:00Z,5:50 AM,352,352,2020,12,17,,Australia,AU,Queensland,-23.960138,151.391618,EPSG:4326,
2020-01-01T14:00:00Z,8:48 AM,1,1,2020,1,1,,Australia,AU,Queensland,-23.252922,150.825093,EPSG:4326,
2020-12-21T14:00:00Z,9:03 AM,356,356,2020,12,21,,Australia,AU,Queensland,-23.171962,150.94403,EPSG:4326,
2020-12-26T14:00:00Z,5:36 AM,361,361,2020,12,26,,Australia,AU,Queensland,-23.240819,150.825131,EPSG:4326,
2020-02-04T14:00:00Z,4:45 AM,35,35,2020,2,4,,Australia,AU,Queensland,-23.2278,150.81924,EPSG:4326,
2020-01-31T14:00:00Z,5:55 AM,31,31,2020,1,31,,Australia,AU,Queensland,-23.2763,150.824616,EPSG:4326,
2020-12-19T14:00:00Z,6:00 AM,354,354,2020,12,19,,Australia,AU,Queensland,-23.174921,150.791915,EPSG:4326,
2020-12-05T14:00:00Z,5:58 AM,340,340,2020,12,5,,Australia,AU,Queensland,-23.173171,150.791617,EPSG:4326,
2020-11-15T14:00:00Z,9.20am,320,320,2020,11,15,,Australia,AU,Queensland,-23.17225,150.945083,EPSG:4326,
2020-11-30T14:00:00Z,7:21 AM,335,335,2020,11,30,,Australia,AU,Queensland,-23.0766,150.884481,EPSG:4326,
2020-01-08T14:00:00Z,4:45 AM,8,8,2020,1,8,,Australia,AU,Queensland,-23.22675,150.818991,EPSG:4326,
2020-11-02T14:00:00Z,4:12 PM,307,307,2020,11,2,,Australia,AU,Queensland,-22.99712,150.775723,EPSG:4326,
2020-11-17T14:00:00Z,4:56 PM,322,322,2020,11,17,,Australia,AU,Queensland,-23.900389,151.3321,EPSG:4326,
2020-12-31T14:00:00Z,900,366,366,2020,12,31,,Australia,AU,Queensland,-23.224106,150.819347,EPSG:4326,
2020-10-31T14:00:00Z,5:30 AM,305,305,2020,10,31,,Australia,AU,Queensland,-23.164272,150.917087,EPSG:4326,
2020-01-02T14:00:00Z,8:53 AM,2,2,2020,1,2,,Australia,AU,Queensland,-23.153721,150.766389,EPSG:4326,
2020-12-21T14:00:00Z,6:28 AM,356,356,2020,12,21,,Australia,AU,Queensland,-23.951389,151.379461,EPSG:4326,
2020-12-28T14:00:00Z,4.30pm,363,363,2020,12,28,,Australia,AU,Queensland,-23.157083,150.966469,EPSG:4326,
2020-11-18T14:00:00Z,06:51AM,323,323,2020,11,18,,Australia,AU,Queensland,-23.957707,151.388255,EPSG:4326,
2020-12-03T14:00:00Z,5:50 PM,338,338,2020,12,3,,Australia,AU,Queensland,-23.975,151.414,EPSG:4326,
2020-10-27T14:00:00Z,3:30 PM,301,301,2020,10,27,,Australia,AU,Queensland,-23.164292,150.917344,EPSG:4326,
2020-11-08T14:00:00Z,11:15 AM,313,313,2020,11,8,,Australia,AU,Queensland,-22.841566,150.794211,EPSG:4326,
2020-12-16T14:00:00Z,9:41 AM,351,351,2020,12,16,,Australia,AU,Queensland,-23.046,150.772,EPSG:4326,
2020-11-14T14:00:00Z,3:00 PM,319,319,2020,11,14,,Australia,AU,Queensland,-23.172597,150.975709,EPSG:4326,
2020-01-08T14:00:00Z,11:00 AM,8,8,2020,1,8,,Australia,AU,Queensland,-22.793907,150.806193,EPSG:4326,
2020-11-17T14:00:00Z,9:05 AM,322,322,2020,11,17,,Australia,AU,Queensland,-23.168685,150.791048,EPSG:4326,
2020-02-15T14:00:00Z,4:11 AM,46,46,2020,2,15,,Australia,AU,Queensland,-22.146549,150.022516,EPSG:4326,
2020-01-21T14:00:00Z,5:21 PM,21,21,2020,1,21,,Australia,AU,Queensland,-22.522423,150.768878,EPSG:4326,
2020-01-26T14:00:00Z,5:28 AM,26,26,2020,1,26,,Australia,AU,Queensland,-23.227937,150.818845,EPSG:4326,
2020-12-27T14:00:00Z,12.33pm,362,362,2020,12,27,,Australia,AU,Queensland,-23.172003,150.943701,EPSG:4326,
2020-12-06T14:00:00Z,545,341,341,2020,12,6,,Australia,AU,Queensland,-23.226421,150.819227,EPSG:4326,
2020-11-14T14:00:00Z,5:23 AM,319,319,2020,11,14,,Australia,AU,Queensland,-23.2512,150.824152,EPSG:4326,
2020-11-14T14:00:00Z,1:54 PM,319,319,2020,11,14,,Australia,AU,Queensland,-23.177272,150.985788,EPSG:4326,
2020-01-24T14:00:00Z,12:14 AM,24,24,2020,1,24,,Australia,AU,Queensland,-23.265784,150.827858,EPSG:4326,
2020-11-22T14:00:00Z,4:21 AM,327,327,2020,11,22,,Australia,AU,Queensland,-23.034758,150.772176,EPSG:4326,
2020-10-29T14:00:00Z,11:47 AM,303,303,2020,10,29,,Australia,AU,Queensland,-22.140298,150.062248,EPSG:4326,
2020-12-20T14:00:00Z,7:31 AM,355,355,2020,12,20,,Australia,AU,Queensland,-23.964,151.40016,EPSG:4326,
2020-11-26T14:00:00Z,12.03 PM,331,331,2020,11,26,,Australia,AU,Queensland,-23.049329,150.772327,EPSG:4326,
2020-11-13T14:00:00Z,5.oopm,318,318,2020,11,13,,Australia,AU,Queensland,-23.181883,150.936433,EPSG:4326,
2020-12-03T14:00:00Z,4:44 AM,338,338,2020,12,3,,Australia,AU,Queensland,-23.242828,150.824651,EPSG:4326,
2020-02-17T14:00:00Z,8:00 AM,48,48,2020,2,17,,Australia,AU,Queensland,-23.2667,150.827928,EPSG:4326,
2020-01-02T14:00:00Z,5:50 AM,2,2,2020,1,2,,Australia,AU,Queensland,-23.266226,150.828187,EPSG:4326,
2020-12-07T14:00:00Z,5:07 AM,342,342,2020,12,7,,Australia,AU,Queensland,-23.953045,151.382333,EPSG:4326,
2020-12-21T14:00:00Z,5:07 AM,356,356,2020,12,21,,Australia,AU,Queensland,-23.246439,150.823896,EPSG:4326,
2020-12-26T14:00:00Z,8:21 AM,361,361,2020,12,26,,Australia,AU,Queensland,-23.076994,150.884124,EPSG:4326,
2020-01-14T14:00:00Z,5:00 AM,14,14,2020,1,14,,Australia,AU,Queensland,-23.275869,150.824737,EPSG:4326,
2020-12-16T14:00:00Z,8:56 AM,351,351,2020,12,16,,Australia,AU,Queensland,-23.172495,150.937673,EPSG:4326,
2020-02-09T14:00:00Z,5:41 AM,40,40,2020,2,9,,Australia,AU,Queensland,-23.174839,150.7919,EPSG:4326,
2020-11-08T14:00:00Z,4:14 AM,313,313,2020,11,8,,Australia,AU,Queensland,-23.22488,150.81894,EPSG:4326,
2020-12-03T14:00:00Z,5:44 PM,338,338,2020,12,3,,Australia,AU,Queensland,-23.971483,151.410477,EPSG:4326,
2019-11-04T00:00:00Z,,308,308,2019,11,4,,Australia,AU,Queensland,-14.2261,143.79084,EPSG:4326,100
2019-11-04T00:00:00Z,,308,308,2019,11,4,,Australia,AU,Queensland,-14.22776,143.77251,EPSG:4326,100
2019-06-29T00:00:00Z,,180,180,2019,6,29,,Australia,AU,Queensland,-14.21776,143.77612,EPSG:4326,100
2019-05-11T00:00:00Z,,131,131,2019,5,11,,Australia,AU,Northern Territory,-12.41452,130.830413,EPSG:4326,
2019-09-17T00:00:00Z,9:32:00,260,260,2019,9,17,,Australia,AU,Northern Territory,-12.327379,130.882553,EPSG:4326,
2019-02-20T00:00:00Z,,51,51,2019,2,20,,Australia,AU,Northern Territory,-12.428479,130.736029,EPSG:4326,
2019-07-25T00:00:00Z,,206,206,2019,7,25,,Australia,AU,Northern Territory,-12.359748,130.867728,EPSG:4326,
2019-06-26T00:00:00Z,,177,177,2019,6,26,,Australia,AU,Northern Territory,-12.239493,131.028985,EPSG:4326,
2019-05-17T00:00:00Z,,137,137,2019,5,17,,Australia,AU,Northern Territory,-12.275772,131.023876,EPSG:4326,
2019-08-01T14:30:00Z,,213,213,2019,8,1,,Australia,AU,Northern Territory,-12.330527,130.894183,EPSG:4326,
2019-10-31T00:00:00Z,,304,304,2019,10,31,31/10/2019,Australia,AU,Queensland,-21.533333,149.483333,EPSG:4326,2018
2019-12-01T06:08:00Z,06:08:00+11:00,335,335,2019,12,1,2019/12/01 6:08 AM AEDT,Australia,AU,Western Australia,-20.2,118.7,EPSG:4326,10000
2019-06-27T07:04:00Z,07:04:00+10:00,178,178,2019,6,27,2019/06/27 7:04 AM AEST,Australia,AU,Western Australia,-14.6,125.1,EPSG:4326,10000
2019-10-12T13:43:34Z,13:43:34+10:00,285,285,2019,10,12,2019-10-12 13:43:34+10:00,Australia,AU,Queensland,-10.848978,142.025958,EPSG:4326,146
2019-08-27T10:34:00Z,10:34:00+10:00,239,239,2019,8,27,2019/08/27 10:34 AM AEST,Australia,AU,Western Australia,-18,122.3,EPSG:4326,10000
2019-12-13T17:04:59Z,17:04:59+08:00,347,347,2019,12,13,Fri Dec 13 2019 17:04:59 GMT+0800 (GMT+8),Australia,AU,Western Australia,-23.8,117,EPSG:4326,10000
2019-07-15T00:00:00Z,,196,196,2019,7,15,,Australia,AU,Northern Territory,-12.536341,130.418688,EPSG:4326,
2019-08-06T00:00:00Z,,218,218,2019,8,6,,Australia,AU,Northern Territory,-12.534606,130.419562,EPSG:4326,
2019-08-06T00:00:00Z,,218,218,2019,8,6,,Australia,AU,Northern Territory,-12.534606,130.419562,EPSG:4326,
2019-08-06T00:00:00Z,,218,218,2019,8,6,,Australia,AU,Northern Territory,-12.534606,130.419562,EPSG:4326,
2019-11-11T00:00:00Z,,315,315,2019,11,11,,Australia,AU,Northern Territory,-12.534606,130.419562,EPSG:4326,
2019-08-06T00:00:00Z,,218,218,2019,8,6,,Australia,AU,Northern Territory,-12.534606,130.419562,EPSG:4326,
2019-08-06T00:00:00Z,,218,218,2019,8,6,,Australia,AU,Northern Territory,-12.534606,130.419562,EPSG:4326,
2019-11-11T00:00:00Z,,315,315,2019,11,11,,Australia,AU,Northern Territory,-12.534606,130.419562,EPSG:4326,
2019-08-06T00:00:00Z,,218,218,2019,8,6,,Australia,AU,Northern Territory,-12.534606,130.419562,EPSG:4326,
2019-08-06T00:00:00Z,,218,218,2019,8,6,,Australia,AU,Northern Territory,-12.534606,130.419562,EPSG:4326,
2019-11-11T00:00:00Z,,315,315,2019,11,11,,Australia,AU,Northern Territory,-12.352851,130.870984,EPSG:4326,
2019-05-04T00:00:00Z,,124,124,2019,5,4,,Australia,AU,Northern Territory,-12.535048,130.419137,EPSG:4326,
2019-12-16T00:00:00Z,,350,350,2019,12,16,,Australia,AU,New South Wales,-33.63863,150.79973,EPSG:4326,821
2019-11-23T00:00:00Z,,327,327,2019,11,23,,Australia,AU,New South Wales,-33.77614,151.28441,EPSG:4326,4700
2019-11-28T00:00:00Z,,332,332,2019,11,28,,Australia,AU,New South Wales,-33.84852,150.93812,EPSG:4326,1685
2019-11-13T00:00:00Z,,317,317,2019,11,13,,Australia,AU,New South Wales,-28.64736,153.60197,EPSG:4326,2464
2019-12-13T14:00:00Z,7:20 PM,347,347,2019,12,13,,Australia,AU,Queensland,-23.155043,150.767107,EPSG:4326,
2019-11-26T14:00:00Z,600,330,330,2019,11,26,,Australia,AU,Queensland,-23.226667,150.818889,EPSG:4326,
2019-12-11T14:00:00Z,530,345,345,2019,12,11,,Australia,AU,Queensland,-23.228056,150.818889,EPSG:4326,
2019-01-07T14:00:00Z,3:00 PM,7,7,2019,1,7,,Australia,AU,Queensland,-23.89518,151.33051,EPSG:4326,
2019-12-11T14:00:00Z,6:30 AM,345,345,2019,12,11,,Australia,AU,Queensland,-22.132864,150.050579,EPSG:4326,
2019-12-16T14:00:00Z,4:42 PM,350,350,2019,12,16,,Australia,AU,Queensland,-23.276124,150.824248,EPSG:4326,
2019-12-18T14:00:00Z,4:35 AM,352,352,2019,12,18,,Australia,AU,Queensland,-23.23,150.819167,EPSG:4326,
2019-11-22T14:00:00Z,9:30 AM,326,326,2019,11,22,,Australia,AU,Queensland,-23.076462,150.884926,EPSG:4326,
2019-02-01T14:00:00Z,6.45am,32,32,2019,2,1,,Australia,AU,Queensland,-23.247479,150.82392,EPSG:4326,
2019-12-05T14:00:00Z,5:59 PM,339,339,2019,12,5,,Australia,AU,Queensland,-23.28715,150.814323,EPSG:4326,
2019-11-05T14:00:00Z,6:59 AM,309,309,2019,11,5,,Australia,AU,Queensland,-23.225811,150.818864,EPSG:4326,
2019-01-05T14:00:00Z,9:31 AM,5,5,2019,1,5,,Australia,AU,Queensland,-22.133958,150.051577,EPSG:4326,
2019-11-12T14:00:00Z,5:22 AM,316,316,2019,11,12,,Australia,AU,Queensland,-23.277823,150.824797,EPSG:4326,
2019-12-11T14:00:00Z,6:06 AM,345,345,2019,12,11,,Australia,AU,Queensland,-22.134983,150.053723,EPSG:4326,
2019-03-02T14:00:00Z,2:00 PM,61,61,2019,3,2,,Australia,AU,Queensland,-23.892842,151.328813,EPSG:4326,
2019-12-12T14:00:00Z,8:05 PM,346,346,2019,12,12,,Australia,AU,Queensland,-23.87503,151.38426,EPSG:4326,
2019-11-26T14:00:00Z,5:51 AM,330,330,2019,11,26,,Australia,AU,Queensland,-23.277522,150.824478,EPSG:4326,
2019-01-03T14:00:00Z,08:48pm,3,3,2019,1,3,,Australia,AU,Queensland,-23.276358,150.824295,EPSG:4326,
2019-12-13T14:00:00Z,9:42 PM,347,347,2019,12,13,,Australia,AU,Queensland,-23.77593,151.33881,EPSG:4326,
2019-12-18T14:00:00Z,5:59 AM,352,352,2019,12,18,,Australia,AU,Queensland,-23.25103,150.824413,EPSG:4326,
2019-12-13T14:00:00Z,5:45 AM,347,347,2019,12,13,,Australia,AU,Queensland,-23.048611,150.773889,EPSG:4326,
2019-12-04T14:00:00Z,4:44 AM,338,338,2019,12,4,,Australia,AU,Queensland,-23.25072,150.824419,EPSG:4326,
2019-11-15T14:00:00Z,18:00,319,319,2019,11,15,,Australia,AU,Queensland,-23.964547,151.401243,EPSG:4326,
2019-12-11T14:00:00Z,6:23 AM,345,345,2019,12,11,,Australia,AU,Queensland,-22.134551,150.052889,EPSG:4326,
2019-12-11T14:00:00Z,6:29 AM,345,345,2019,12,11,,Australia,AU,Queensland,-22.134834,150.053288,EPSG:4326,
2019-11-01T14:00:00Z,11:45 PM,305,305,2019,11,1,,Australia,AU,Queensland,-22.910017,150.786066,EPSG:4326,
2019-12-12T14:00:00Z,11:58 PM,346,346,2019,12,12,,Australia,AU,Queensland,-23.868879,151.388489,EPSG:4326,
2019-12-10T14:00:00Z,10:00 AM,344,344,2019,12,10,,Australia,AU,Queensland,-23.076558,150.884717,EPSG:4326,
2019-12-11T14:00:00Z,6:56 AM,345,345,2019,12,11,,Australia,AU,Queensland,-22.13512,150.05348,EPSG:4326,
2019-12-25T14:00:00Z,5:24 PM,359,359,2019,12,25,,Australia,AU,Queensland,-23.272411,150.825457,EPSG:4326,
2019-11-17T14:00:00Z,9:48 AM,321,321,2019,11,17,,Australia,AU,Queensland,-23.254297,150.826142,EPSG:4326,
2019-10-16T14:00:00Z,5:16 PM,289,289,2019,10,16,,Australia,AU,Queensland,-23.976346,151.415254,EPSG:4326,
2019-11-01T14:00:00Z,5:01 AM,305,305,2019,11,1,,Australia,AU,Queensland,-23.245061,150.824172,EPSG:4326,
2019-12-22T14:00:00Z,10:04 AM,356,356,2019,12,22,,Australia,AU,Queensland,-23.162482,150.785128,EPSG:4326,
2019-12-29T14:00:00Z,11:00 PM,363,363,2019,12,29,,Australia,AU,Queensland,-23.277208,150.824539,EPSG:4326,
2019-01-25T14:00:00Z,2:12 AM,25,25,2019,1,25,,Australia,AU,Queensland,-23.234786,150.820371,EPSG:4326,
2019-12-11T14:00:00Z,5:55 AM,345,345,2019,12,11,,Australia,AU,Queensland,-22.133192,150.050918,EPSG:4326,
2019-11-27T14:00:00Z,5:43 AM,331,331,2019,11,27,,Australia,AU,Queensland,-23.275654,150.824415,EPSG:4326,
2019-12-28T14:00:00Z,11:33 PM,362,362,2019,12,28,,Australia,AU,Queensland,-23.2772,150.824494,EPSG:4326,
2019-12-28T14:00:00Z,630,362,362,2019,12,28,,Australia,AU,Queensland,-23.225012,150.819009,EPSG:4326,
2019-11-05T14:00:00Z,5:05 AM,309,309,2019,11,5,,Australia,AU,Queensland,-23.242431,150.824875,EPSG:4326,
2019-12-21T14:00:00Z,4:17 AM,355,355,2019,12,21,,Australia,AU,Queensland,-23.245076,150.824263,EPSG:4326,
2019-11-21T14:00:00Z,9:14 AM,325,325,2019,11,21,,Australia,AU,Queensland,-22.923141,150.787482,EPSG:4326,
2019-12-23T14:00:00Z,4:51 AM,357,357,2019,12,23,,Australia,AU,Queensland,-23.224773,150.819205,EPSG:4326,
2019-12-06T14:00:00Z,6:32 PM,340,340,2019,12,6,,Australia,AU,Queensland,-23.875415,151.383729,EPSG:4326,
2019-12-11T14:00:00Z,5:49 AM,345,345,2019,12,11,,Australia,AU,Queensland,-22.134306,150.053072,EPSG:4326,
2019-12-30T14:00:00Z,6:05 AM,364,364,2019,12,30,,Australia,AU,Queensland,-23.2762,150.825469,EPSG:4326,
2019-12-08T14:00:00Z,5:10 AM,342,342,2019,12,8,,Australia,AU,Queensland,-23.265718,150.827982,EPSG:4326,
2019-12-18T14:00:00Z,4:28 AM,352,352,2019,12,18,,Australia,AU,Queensland,-23.249233,150.82416,EPSG:4326,
2019-01-22T14:00:00Z,5:48 AM,22,22,2019,1,22,,Australia,AU,Queensland,-23.251283,150.824195,EPSG:4326,
2019-12-08T14:00:00Z,7:00 AM,342,342,2019,12,8,,Australia,AU,Queensland,-23.052093,150.772367,EPSG:4326,
2019-12-11T14:00:00Z,5:39 AM,345,345,2019,12,11,,Australia,AU,Queensland,-22.133487,150.051349,EPSG:4326,
2019-12-11T14:00:00Z,7:45 AM,345,345,2019,12,11,,Australia,AU,Queensland,-22.132099,150.050238,EPSG:4326,
2019-12-01T14:00:00Z,7:21 PM,335,335,2019,12,1,,Australia,AU,Queensland,-23.277931,150.824622,EPSG:4326,
2019-12-06T14:00:00Z,4:53 AM,340,340,2019,12,6,,Australia,AU,Queensland,-23.250515,150.82398,EPSG:4326,
2019-11-20T14:00:00Z,5:04 AM,324,324,2019,11,20,,Australia,AU,Queensland,-23.252734,150.82526,EPSG:4326,
2019-11-08T14:00:00Z,11:00 AM,312,312,2019,11,8,,Australia,AU,Queensland,-23.077565,150.884333,EPSG:4326,
2019-12-11T14:00:00Z,6:47 AM,345,345,2019,12,11,,Australia,AU,Queensland,-22.132695,150.050577,EPSG:4326,
2019-12-14T14:00:00Z,1:40 PM,348,348,2019,12,14,,Australia,AU,Queensland,-23.121881,150.749217,EPSG:4326,
2019-11-15T14:00:00Z,5:30 PM,319,319,2019,11,15,,Australia,AU,Queensland,-23.153688,150.766419,EPSG:4326,
2019-12-06T14:00:00Z,10:45 AM,340,340,2019,12,6,,Australia,AU,Queensland,-23.77294,151.339602,EPSG:4326,
2019-12-04T14:00:00Z,9:30 AM,338,338,2019,12,4,,Australia,AU,Queensland,-23.077112,150.884205,EPSG:4326,
2019-11-28T14:00:00Z,9:30 AM,332,332,2019,11,28,,Australia,AU,Queensland,-23.076453,150.884921,EPSG:4326,
2019-11-23T14:00:00Z,10:30 AM,327,327,2019,11,23,,Australia,AU,Queensland,-23.073474,150.765649,EPSG:4326,
2019-11-21T14:00:00Z,6:56 AM,325,325,2019,11,21,,Australia,AU,Queensland,-23.229197,150.819047,EPSG:4326,
2019-12-23T14:00:00Z,5:28 AM,357,357,2019,12,23,,Australia,AU,Queensland,-23.077842,150.884811,EPSG:4326,
2019-02-01T14:00:00Z,8:50 PM,32,32,2019,2,1,,Australia,AU,Queensland,-23.277575,150.824429,EPSG:4326,
2019-12-10T14:00:00Z,1800,344,344,2019,12,10,,Australia,AU,Queensland,-23.22795,150.81905,EPSG:4326,
2019-12-11T14:00:00Z,5:42 AM,345,345,2019,12,11,,Australia,AU,Queensland,-22.133212,150.050585,EPSG:4326,
2019-01-10T14:00:00Z,5:30 AM,10,10,2019,1,10,,Australia,AU,Queensland,-23.245645,150.82398,EPSG:4326,
2019-12-06T14:00:00Z,10:19 AM,340,340,2019,12,6,,Australia,AU,Queensland,-23.760014,151.33738,EPSG:4326,
2019-12-04T14:00:00Z,4:59 AM,338,338,2019,12,4,,Australia,AU,Queensland,-23.253907,150.825881,EPSG:4326,
2019-11-30T14:00:00Z,7:00 AM,334,334,2019,11,30,,Australia,AU,Queensland,-23.053475,150.771838,EPSG:4326,
2019-12-06T14:00:00Z,4:53 PM,340,340,2019,12,6,,Australia,AU,Queensland,-23.867835,151.389304,EPSG:4326,
2019-12-19T14:00:00Z,700,353,353,2019,12,19,,Australia,AU,Queensland,-23.191405,150.946756,EPSG:4326,
2018-10-18T00:00:00Z,,291,291,2018,10,18,,Australia,AU,Northern Territory,-12.52264,130.824919,EPSG:4326,
2018-10-18T00:00:00Z,,291,291,2018,10,18,,Australia,AU,Northern Territory,-12.42474,130.77105,EPSG:4326,
2018-10-13T00:00:00Z,,286,286,2018,10,13,,Australia,AU,Northern Territory,-12.24229,130.91716,EPSG:4326,
2018-10-01T00:00:00Z,,274,274,2018,10,1,,Australia,AU,Northern Territory,-12.35324,130.872296,EPSG:4326,
2018-01-19T00:00:00Z,,19,19,2018,1,19,,Australia,AU,Northern Territory,-12.427701,130.739484,EPSG:4326,
2018-10-18T00:00:00Z,,291,291,2018,10,18,,Australia,AU,Northern Territory,-12.48579,130.821947,EPSG:4326,
2018-10-06T00:00:00Z,,279,279,2018,10,6,,Australia,AU,Northern Territory,-12.63117,130.533729,EPSG:4326,
2018-09-12T00:00:00Z,,255,255,2018,9,12,,Australia,AU,Northern Territory,-12.367628,130.863576,EPSG:4326,
2018-04-12T00:00:00Z,,102,102,2018,4,12,,Australia,AU,Northern Territory,-12.4909,130.89979,EPSG:4326,
2018-04-16T00:00:00Z,,106,106,2018,4,16,,Australia,AU,Northern Territory,-12.4907,130.89974,EPSG:4326,
2018-08-11T00:00:00Z,,223,223,2018,8,11,,Australia,AU,Northern Territory,-12.348233,130.878053,EPSG:4326,
2018-10-04T00:00:00Z,,277,277,2018,10,4,,Australia,AU,Northern Territory,-12.71765,130.67348,EPSG:4326,
2018-04-14T00:00:00Z,,104,104,2018,4,14,,Australia,AU,Northern Territory,-12.49005,130.90001,EPSG:4326,
2018-04-14T09:17:00Z,9:17:00,104,104,2018,4,14,,Australia,AU,Northern Territory,-12.49,130.899722,EPSG:4326,
2018-04-14T00:00:00Z,,104,104,2018,4,14,,Australia,AU,Northern Territory,-12.49013,130.89983,EPSG:4326,
2018-10-24T00:00:00Z,,297,297,2018,10,24,,Australia,AU,Northern Territory,-12.55927,130.77385,EPSG:4326,
2018-10-08T00:00:00Z,,281,281,2018,10,8,,Australia,AU,Northern Territory,-12.49527,130.88376,EPSG:4326,
2018-10-09T00:00:00Z,,282,282,2018,10,9,,Australia,AU,Northern Territory,-12.59048,130.889648,EPSG:4326,
2018-04-14T00:00:00Z,,104,104,2018,4,14,,Australia,AU,Northern Territory,-12.49002,130.90014,EPSG:4326,
2018-10-11T00:00:00Z,,284,284,2018,10,11,,Australia,AU,Northern Territory,-12.29754,131.00977,EPSG:4326,
2018-07-12T18:52:00Z,18:52:00+10:00,193,193,2018,7,12,2018/07/12 6:52 PM AEST,Australia,AU,Northern Territory,-12.537436,130.419795,EPSG:4326,837
2018-06-01T00:00:00Z,,152,152,2018,6,1,,Australia,AU,Northern Territory,-12.534918,130.419432,EPSG:4326,
2018-07-13T00:00:00Z,,194,194,2018,7,13,,Australia,AU,Northern Territory,-12.537306,130.417404,EPSG:4326,
2018-06-01T00:00:00Z,,152,152,2018,6,1,,Australia,AU,Northern Territory,-12.534918,130.419432,EPSG:4326,
2018-10-12T00:00:00Z,,285,285,2018,10,12,,Australia,AU,Northern Territory,-12.52316,130.5703,EPSG:4326,
2018-06-26T00:00:00Z,,177,177,2018,6,26,,Australia,AU,Northern Territory,-13.967291,135.928565,EPSG:4326,
2018-07-23T00:00:00Z,,204,204,2018,7,23,,Australia,AU,Northern Territory,-12.534918,130.419432,EPSG:4326,
2018-08-02T00:00:00Z,,214,214,2018,8,2,,Australia,AU,Northern Territory,-12.534918,130.419432,EPSG:4326,
2018-07-16T00:00:00Z,,197,197,2018,7,16,,Australia,AU,Northern Territory,-12.534918,130.419432,EPSG:4326,
2018-08-05T00:00:00Z,,217,217,2018,8,5,,Australia,AU,Northern Territory,-12.534126,130.419024,EPSG:4326,
2018-07-09T00:00:00Z,,190,190,2018,7,9,,Australia,AU,Northern Territory,-12.534918,130.419432,EPSG:4326,
2018-01-10T00:00:00Z,,10,10,2018,1,10,,Australia,AU,Northern Territory,-12.357955,130.867974,EPSG:4326,
2018-10-06T00:00:00Z,,279,279,2018,10,6,,Australia,AU,Northern Territory,-12.68624,130.57461,EPSG:4326,
2018-10-13T00:00:00Z,,286,286,2018,10,13,,Australia,AU,Northern Territory,-12.352716,130.872875,EPSG:4326,
2018-10-20T00:00:00Z,,293,293,2018,10,20,,Australia,AU,Northern Territory,-12.60818,130.52869,EPSG:4326,
2018-07-16T00:00:00Z,,197,197,2018,7,16,,Australia,AU,Northern Territory,-12.534918,130.419432,EPSG:4326,
2018-04-16T00:00:00Z,,106,106,2018,4,16,,Australia,AU,Northern Territory,-12.49016,130.89989,EPSG:4326,
2018-10-09T00:00:00Z,,282,282,2018,10,9,,Australia,AU,Northern Territory,-12.350337,130.874558,EPSG:4326,
2018-07-09T00:00:00Z,,190,190,2018,7,9,,Australia,AU,Northern Territory,-12.534918,130.419432,EPSG:4326,
2018-08-05T00:00:00Z,,217,217,2018,8,5,,Australia,AU,Northern Territory,-12.533412,130.419432,EPSG:4326,
2018-10-15T00:00:00Z,,288,288,2018,10,15,,Australia,AU,Northern Territory,-12.48618,130.85743,EPSG:4326,
2018-10-24T00:00:00Z,,297,297,2018,10,24,,Australia,AU,Northern Territory,-12.344426,130.88244,EPSG:4326,
2018-10-08T00:00:00Z,,281,281,2018,10,8,,Australia,AU,Northern Territory,-12.59035,130.886429,EPSG:4326,
2018-07-23T00:00:00Z,,204,204,2018,7,23,,Australia,AU,Northern Territory,-12.534918,130.419432,EPSG:4326,
2018-10-20T00:00:00Z,,293,293,2018,10,20,,Australia,AU,Northern Territory,-12.59832,130.54301,EPSG:4326,
2018-05-20T00:00:00Z,,140,140,2018,5,20,,Australia,AU,Northern Territory,-12.438037,130.765549,EPSG:4326,
2018-05-20T00:00:00Z,,140,140,2018,5,20,,Australia,AU,Northern Territory,-12.438037,130.765549,EPSG:4326,
2018-08-17T00:00:00Z,,229,229,2018,8,17,,Australia,AU,Northern Territory,-12.366327,130.863993,EPSG:4326,
2018-07-23T00:00:00Z,,204,204,2018,7,23,,Australia,AU,Northern Territory,-12.534918,130.419432,EPSG:4326,
2018-10-06T00:00:00Z,,279,279,2018,10,6,,Australia,AU,Northern Territory,-12.68624,130.57461,EPSG:4326,
2018-10-19T00:00:00Z,,292,292,2018,10,19,,Australia,AU,Northern Territory,-12.66355,130.53719,EPSG:4326,
2018-11-29T18:15:49Z,4:15 AM,333,333,2018,11,29,,Australia,AU,Queensland,-23.228625,150.818522,EPSG:4326,
2018-11-02T14:00:00Z,4:39 AM,306,306,2018,11,2,,Australia,AU,Queensland,-23.224337,150.819246,EPSG:4326,
2018-12-01T19:43:37Z,5:43 AM,335,335,2018,12,1,,Australia,AU,Queensland,-23.234722,150.820556,EPSG:4326,
2018-11-18T18:46:56Z,4:46 AM,322,322,2018,11,18,,Australia,AU,Queensland,-23.228648,150.819197,EPSG:4326,
2018-12-01T19:43:37Z,5:43 AM,335,335,2018,12,1,,Australia,AU,Queensland,-23.234722,150.820556,EPSG:4326,
2018-11-14T18:38:39Z,4:38 AM,318,318,2018,11,14,,Australia,AU,Queensland,-23.224962,150.818838,EPSG:4326,
2018-09-21T00:00:00Z,,264,264,2018,9,21,,Australia,AU,New South Wales,-33.49509,151.41179,EPSG:4326,1368
2018-09-21T00:00:00Z,,264,264,2018,9,21,,Australia,AU,New South Wales,-33.481882,151.44274,EPSG:4326,1368
2018-10-18T00:00:00Z,,291,291,2018,10,18,,Australia,AU,New South Wales,-33.79299,151.05562,EPSG:4326,754
2018-10-22T00:00:00Z,,295,295,2018,10,22,,Australia,AU,New South Wales,-33.354247,151.448339,EPSG:4326,2043
2018-12-28T14:00:00Z,3:39 PM,362,362,2018,12,28,,Australia,AU,Queensland,-23.076336,150.884954,EPSG:4326,
2018-12-01T14:00:00Z,5:25 AM,335,335,2018,12,1,,Australia,AU,Queensland,-23.234781,150.820433,EPSG:4326,
2018-11-14T14:00:00Z,4:25 PM,318,318,2018,11,14,,Australia,AU,Queensland,-23.238731,150.826264,EPSG:4326,
2018-12-09T14:00:00Z,2:51 PM,343,343,2018,12,9,,Australia,AU,Queensland,-23.277535,150.824363,EPSG:4326,
2018-11-29T14:00:00Z,5:26 PM,333,333,2018,11,29,,Australia,AU,Queensland,-23.230533,150.819442,EPSG:4326,
2018-11-28T14:00:00Z,10:15 AM,332,332,2018,11,28,,Australia,AU,Queensland,-22.13514,150.053467,EPSG:4326,
2018-12-21T14:00:00Z,7:22 PM,355,355,2018,12,21,,Australia,AU,Queensland,-23.224872,150.818902,EPSG:4326,
2018-11-10T14:00:00Z,7:34 AM,314,314,2018,11,10,,Australia,AU,Queensland,-23.276358,150.824295,EPSG:4326,
2018-12-19T14:00:00Z,5:30 AM,353,353,2018,12,19,,Australia,AU,Queensland,-23.264649,150.82763,EPSG:4326,
2018-12-02T14:00:00Z,5:19 AM,336,336,2018,12,2,,Australia,AU,Queensland,-23.249462,150.823705,EPSG:4326,
2018-12-01T14:00:00Z,6:22 AM,335,335,2018,12,1,,Australia,AU,Queensland,-23.25006,150.824255,EPSG:4326,
2018-12-21T14:00:00Z,8:18 PM,355,355,2018,12,21,,Australia,AU,Queensland,-22.134812,150.052951,EPSG:4326,
2018-12-16T14:00:00Z,5:28 AM,350,350,2018,12,16,,Australia,AU,Queensland,-23.247479,150.82392,EPSG:4326,
2018-11-17T14:00:00Z,6:14 PM,321,321,2018,11,17,,Australia,AU,Queensland,-23.245924,150.823989,EPSG:4326,
2018-11-02T14:00:00Z,5:00 PM,306,306,2018,11,2,,Australia,AU,Queensland,-23.265574,150.82816,EPSG:4326,
2018-11-11T14:00:00Z,10:00 AM,315,315,2018,11,11,,Australia,AU,Queensland,-23.946689,151.374894,EPSG:4326,
2018-11-26T14:00:00Z,4:38 PM,330,330,2018,11,26,,Australia,AU,Queensland,-23.278618,150.824451,EPSG:4326,
2018-11-18T14:00:00Z,6:30 AM,322,322,2018,11,18,,Australia,AU,Queensland,-23.245511,150.823921,EPSG:4326,
2018-12-27T14:00:00Z,5:24 PM,361,361,2018,12,27,,Australia,AU,Queensland,-22.13518,150.053702,EPSG:4326,
2018-11-01T14:00:00Z,6:30 PM,305,305,2018,11,1,,Australia,AU,Queensland,-23.224872,150.818902,EPSG:4326,
2017-07-20T00:00:00Z,,201,201,2017,7,20,,Australia,AU,Northern Territory,-12.358,130.868666,EPSG:4326,
2017-10-19T12:16:29Z,12:16:29,292,292,2017,10,19,,Australia,AU,Northern Territory,-12.588291,130.545866,EPSG:4326,
2017-07-21T00:00:00Z,,202,202,2017,7,21,,Australia,AU,Northern Territory,-12.358643,130.868203,EPSG:4326,
2017-08-08T00:00:00Z,,220,220,2017,8,8,,Australia,AU,Northern Territory,-12.332046,130.893428,EPSG:4326,
2017-08-30T00:00:00Z,,242,242,2017,8,30,,Australia,AU,Northern Territory,-12.36671,130.863799,EPSG:4326,
2017-09-11T00:00:00Z,,254,254,2017,9,11,,Australia,AU,Northern Territory,-12.367612,130.863498,EPSG:4326,
2017-10-02T00:00:00Z,,275,275,2017,10,2,,Australia,AU,Northern Territory,-12.505262,130.82188,EPSG:4326,
2017-08-06T00:00:00Z,,218,218,2017,8,6,,Australia,AU,Northern Territory,-12.359753,130.867865,EPSG:4326,
2017-08-04T00:00:00Z,,216,216,2017,8,4,,Australia,AU,Northern Territory,-12.359732,130.867843,EPSG:4326,
2017-07-25T00:00:00Z,,206,206,2017,7,25,,Australia,AU,Northern Territory,-12.331157,130.898405,EPSG:4326,
2017-05-15T00:00:00Z,,135,135,2017,5,15,,Australia,AU,Western Australia,-20.2,118.1,EPSG:4326,10000
2017-05-15T00:00:00Z,,135,135,2017,5,15,,Australia,AU,Western Australia,-20.1,118.8,EPSG:4326,10000
2017-05-06T00:00:00Z,,126,126,2017,5,6,,Australia,AU,Western Australia,-19.1,121.3,EPSG:4326,10000
2017-05-03T00:00:00Z,,123,123,2017,5,3,,Australia,AU,Western Australia,-18.1,122.2,EPSG:4326,10000
2017-05-04T00:00:00Z,,124,124,2017,5,4,,Australia,AU,Western Australia,-18.4,121.6,EPSG:4326,10000
2017-05-03T00:00:00Z,,123,123,2017,5,3,,Australia,AU,Western Australia,-18,122.2,EPSG:4326,10000
2017-05-06T00:00:00Z,,126,126,2017,5,6,,Australia,AU,Western Australia,-19.2,121.3,EPSG:4326,10000
2017-05-03T00:00:00Z,,123,123,2017,5,3,,Australia,AU,Western Australia,-17.9,122,EPSG:4326,10000
2017-05-05T00:00:00Z,,125,125,2017,5,5,,Australia,AU,Western Australia,-19,121.4,EPSG:4326,10000
2017-05-15T00:00:00Z,,135,135,2017,5,15,,Australia,AU,Western Australia,-20.2,118.5,EPSG:4326,10000
2017-11-27T18:46:00Z,,331,331,2017,11,27,,Australia,AU,Western Australia,-20.4,118.1,EPSG:4326,10000
2017-12-22T06:22:00Z,,356,356,2017,12,22,,Australia,AU,Queensland,-24.800342,152.447324,EPSG:4326,
2017-10-21T00:00:00Z,,294,294,2017,10,21,,Australia,AU,Northern Territory,-12.531393,130.49313,EPSG:4326,
2017-08-26T00:00:00Z,,238,238,2017,8,26,,Australia,AU,Northern Territory,-12.535618,130.419164,EPSG:4326,
2017-09-02T00:00:00Z,,245,245,2017,9,2,,Australia,AU,Northern Territory,-12.367813,130.863439,EPSG:4326,
2017-09-23T00:00:00Z,,266,266,2017,9,23,,Australia,AU,Northern Territory,-12.363513,130.865462,EPSG:4326,
2017-10-02T00:00:00Z,,275,275,2017,10,2,,Australia,AU,Northern Territory,-12.530352,130.847448,EPSG:4326,
2017-06-13T00:00:00Z,,164,164,2017,6,13,,Australia,AU,Northern Territory,-11.745272,136.503311,EPSG:4326,
2017-08-18T00:00:00Z,,230,230,2017,8,18,,Australia,AU,Northern Territory,-12.359743,130.867858,EPSG:4326,
2017-08-19T00:00:00Z,,231,231,2017,8,19,,Australia,AU,Northern Territory,-12.36369,130.865962,EPSG:4326,
2017-06-29T00:00:00Z,,180,180,2017,6,29,,Australia,AU,Northern Territory,-12.537173,130.418081,EPSG:4326,
2017-10-03T00:00:00Z,,276,276,2017,10,3,,Australia,AU,Northern Territory,-12.501705,130.81886,EPSG:4326,
2017-06-19T00:00:00Z,,170,170,2017,6,19,,Australia,AU,Northern Territory,-12.532774,130.420184,EPSG:4326,
2017-08-30T00:00:00Z,,242,242,2017,8,30,,Australia,AU,Northern Territory,-12.359748,130.867842,EPSG:4326,
2017-11-23T05:41:52Z,3:41 PM,327,327,2017,11,23,,Australia,AU,Queensland,-21.024345,149.158062,EPSG:4326,
2017-01-29T00:00:00Z,,29,29,2017,1,29,,Australia,AU,New South Wales,-31.395395,152.917331,EPSG:4326,30
2016-10-13T00:00:00Z,,287,287,2016,10,13,,Australia,AU,Queensland,-14.22804,143.77279,EPSG:4326,100
2016-01-06T00:00:00Z,,6,6,2016,1,6,,Australia,AU,Queensland,-19.2353,147.04404,EPSG:4326,100
2016-07-14T00:00:00Z,,196,196,2016,7,14,,Australia,AU,Northern Territory,-12.426193,130.722963,EPSG:4326,
2016-09-25T10:00:00Z,10:00:00,269,269,2016,9,25,,Australia,AU,Northern Territory,-12.373168,130.6088,EPSG:4326,
2016-07-22T00:00:00Z,,204,204,2016,7,22,,Australia,AU,Northern Territory,-12.328732,130.874388,EPSG:4326,
2016-10-07T09:46:00Z,9:46:00,281,281,2016,10,7,,Australia,AU,Northern Territory,-12.55651,130.50539,EPSG:4326,
2016-02-21T00:00:00Z,,52,52,2016,2,21,,Australia,AU,Northern Territory,-12.358618,130.868368,EPSG:4326,
2016-10-14T09:31:00Z,9:31:00,288,288,2016,10,14,,Australia,AU,Northern Territory,-12.58663,130.477745,EPSG:4326,
2016-10-17T08:01:00Z,8:01:00,291,291,2016,10,17,,Australia,AU,Northern Territory,-12.50031,130.78168,EPSG:4326,
2016-09-13T00:00:00Z,,257,257,2016,9,13,,Australia,AU,Northern Territory,-12.351015,130.875271,EPSG:4326,
2016-11-28T10:24:00Z,10:24:00,333,333,2016,11,28,,Australia,AU,,-12.68571,130.124869,EPSG:4326,
2016-10-08T01:13:00Z,13:13:00,282,282,2016,10,8,,Australia,AU,Northern Territory,-12.69502,130.57423,EPSG:4326,
2016-11-28T11:23:00Z,11:23:00,333,333,2016,11,28,,Australia,AU,,-12.77574,130.04095,EPSG:4326,
2016-04-16T00:00:00Z,,107,107,2016,4,16,,Australia,AU,Northern Territory,-12.4386,130.445665,EPSG:4326,
2016-09-08T00:00:00Z,,252,252,2016,9,8,,Australia,AU,Northern Territory,-12.333895,130.891915,EPSG:4326,
2016-11-28T01:00:00Z,13:00:00,333,333,2016,11,28,,Australia,AU,,-12.75415,130.25577,EPSG:4326,
2016-03-26T00:00:00Z,,86,86,2016,3,26,,Australia,AU,Northern Territory,-12.406183,130.816745,EPSG:4326,
2016-10-03T01:03:00Z,13:03:00,277,277,2016,10,3,,Australia,AU,Northern Territory,-12.39888,130.80984,EPSG:4326,
2016-08-12T00:00:00Z,,225,225,2016,8,12,,Australia,AU,Northern Territory,-12.332103,130.89337,EPSG:4326,
2016-06-04T10:02:00Z,10:02:00+08:00,156,156,2016,6,4,4/06/2016 10:02,Australia,AU,Western Australia,-13.9,127.4,EPSG:4326,10000
2016-10-21T00:00:00Z,,295,295,2016,10,21,,Australia,AU,Northern Territory,-12.3532,130.872481,EPSG:4326,
2016-06-19T00:00:00Z,,171,171,2016,6,19,,Australia,AU,Northern Territory,-12.417089,130.816431,EPSG:4326,
2016-10-21T00:00:00Z,,295,295,2016,10,21,,Australia,AU,Northern Territory,-12.5604,130.53192,EPSG:4326,
2016-11-28T00:00:00Z,,333,333,2016,11,28,,Australia,AU,,-12.7769,130.17521,EPSG:4326,
2016-08-08T00:00:00Z,,221,221,2016,8,8,,Australia,AU,Northern Territory,-12.427274,130.747982,EPSG:4326,
2016-10-12T00:00:00Z,,286,286,2016,10,12,,Australia,AU,Northern Territory,-12.55152,130.857502,EPSG:4326,
2016-10-10T00:00:00Z,,284,284,2016,10,10,,Australia,AU,Northern Territory,-12.39758,130.80896,EPSG:4326,
2016-08-31T00:00:00Z,,244,244,2016,8,31,,Australia,AU,Northern Territory,-11.099763,132.599334,EPSG:4326,
2016-10-14T00:00:00Z,,288,288,2016,10,14,,Australia,AU,Northern Territory,-12.54375,130.537579,EPSG:4326,
2016-07-18T00:00:00Z,,200,200,2016,7,18,,Australia,AU,Northern Territory,-12.2524,130.48079,EPSG:4326,
2016-10-12T00:00:00Z,,286,286,2016,10,12,,Australia,AU,Northern Territory,-12.53458,130.857859,EPSG:4326,
2016-01-06T00:00:00Z,,6,6,2016,1,6,,Australia,AU,Northern Territory,-12.467606,130.850608,EPSG:4326,
2016-10-20T00:00:00Z,,294,294,2016,10,20,,Australia,AU,Northern Territory,-12.723167,130.698667,EPSG:4326,
2016-07-13T00:00:00Z,13:21:00/13:35:00,195,195,2016,7,13,,Australia,AU,New South Wales,-33.79471,151.28724,EPSG:4326,200
2016-09-28T00:00:00Z,,272,272,2016,9,28,,Australia,AU,New South Wales,-33.086892,151.505518,EPSG:4326,1807
2016-12-28T00:00:00Z,,363,363,2016,12,28,,Australia,AU,New South Wales,-34.30651,150.93537,EPSG:4326,1031
2016-01-01T00:00:00Z,,1,1,2016,1,1,,Australia,AU,Northern Territory,-16.17639,137.54175,EPSG:4326,
2015-08-15T00:00:00Z,,227,227,2015,8,15,,Australia,AU,Queensland,-14.22749,143.77251,EPSG:4326,100
2015-01-11T14:37:00Z,14:37:00-05:00,11,11,2015,1,11,2015/01/11 2:37 PM EST,Australia,AU,Western Australia,-19.8,120.7,EPSG:4326,10000
2015-10-31T06:38:00Z,06:38:00+11:00,304,304,2015,10,31,2015/10/31 6:38 AM AEDT,Australia,AU,New South Wales,-33.799929,151.294454,EPSG:4326,15
2015-08-01T00:00:00Z,,213,213,2015,8,1,,Australia,AU,,-12.73955,130.15638,EPSG:4326,
2015-07-29T00:00:00Z,,210,210,2015,7,29,,Australia,AU,Northern Territory,-12.3295,130.8962,EPSG:4326,
2015-06-27T00:00:00Z,,178,178,2015,6,27,,Australia,AU,,-12.8678,130.0492,EPSG:4326,
2015-11-12T00:00:00Z,,316,316,2015,11,12,,Australia,AU,Northern Territory,-14.37784,129.49063,EPSG:4326,1000
2015-06-22T00:00:00Z,,173,173,2015,6,22,,Australia,AU,Northern Territory,-13.934372,136.778973,EPSG:4326,
2015-04-08T00:00:00Z,,98,98,2015,4,8,,Australia,AU,Northern Territory,-14.243386,136.32749,EPSG:4326,
2015-04-23T00:00:00Z,,113,113,2015,4,23,,Australia,AU,Northern Territory,-13.912812,136.794861,EPSG:4326,
2015-05-21T00:00:00Z,,141,141,2015,5,21,,Australia,AU,Northern Territory,-12.639462,136.687931,EPSG:4326,
2015-08-30T00:00:00Z,,242,242,2015,8,30,,Australia,AU,Northern Territory,-12.00846,130.74146,EPSG:4326,
2015-03-17T00:00:00Z,,76,76,2015,3,17,,Australia,AU,Northern Territory,-12.3483,130.8778,EPSG:4326,
2015-06-15T00:00:00Z,,166,166,2015,6,15,,Australia,AU,Northern Territory,-14.1434,129.5555,EPSG:4326,
2015-07-28T00:00:00Z,,209,209,2015,7,28,,Australia,AU,Northern Territory,-13.0743,130.1215,EPSG:4326,
2015-08-02T00:00:00Z,,214,214,2015,8,2,,Australia,AU,,-12.81776,130.232,EPSG:4326,
2015-08-30T00:00:00Z,,242,242,2015,8,30,,Australia,AU,Northern Territory,-12.41203,130.88609,EPSG:4326,
2015-08-02T00:00:00Z,,214,214,2015,8,2,,Australia,AU,,-12.81776,130.232,EPSG:4326,
2015-08-02T00:00:00Z,,214,214,2015,8,2,,Australia,AU,Northern Territory,-13.0756,130.12097,EPSG:4326,
2015-11-07T00:00:00Z,,311,311,2015,11,7,,Australia,AU,Northern Territory,-11.093246,132.272849,EPSG:4326,1000
2015-09-27T00:00:00Z,,270,270,2015,9,27,,Australia,AU,Northern Territory,-12.33108,130.89465,EPSG:4326,
2015-07-27T00:00:00Z,,208,208,2015,7,27,,Australia,AU,Northern Territory,-12.5014,130.8218,EPSG:4326,
2015-04-08T00:00:00Z,,98,98,2015,4,8,,Australia,AU,Northern Territory,-12.405,130.8167,EPSG:4326,
2015-06-16T00:00:00Z,,167,167,2015,6,16,,Australia,AU,New South Wales,-34.550113,150.870064,EPSG:4326,30
2015-10-19T00:00:00Z,11:44:00/13:28:00,292,300,2015,10,,,Australia,AU,New South Wales,-29.78549,153.294598,EPSG:4326,200
2015-11-03T00:00:00Z,,307,307,2015,11,3,,Australia,AU,New South Wales,-28.653818,153.61499,EPSG:4326,30
2015-11-07T00:00:00Z,,311,311,2015,11,7,,Australia,AU,New South Wales,-33.873021,151.185752,EPSG:4326,30
2015-11-03T00:00:00Z,,307,307,2015,11,3,,Australia,AU,New South Wales,-28.641823,153.618883,EPSG:4326,1000
2015-01-30T00:00:00Z,,30,31,2015,1,,,Australia,AU,New South Wales,-28.599465,153.573266,EPSG:4326,2376
2015-01-30T00:00:00Z,,30,31,2015,1,,,Australia,AU,New South Wales,-28.599465,153.573266,EPSG:4326,2376
2014-08-22T00:00:00Z,,234,234,2014,8,22,,Australia,AU,Northern Territory,-12.113097,132.388365,EPSG:4326,
2014-11-28T16:54:32Z,16:54:32+10:00,332,332,2014,11,28,2014-11-28 17:54:32+11:00,Australia,AU,Queensland,-21.973229,149.665523,EPSG:4326,484
2014-03-20T00:00:00Z,,79,79,2014,3,20,,Australia,AU,New South Wales,-32.75,152.16667,EPSG:4326,
2014-03-20T00:00:00Z,,79,79,2014,3,20,,Australia,AU,New South Wales,-32.75,152.16667,EPSG:4326,
2014-03-20T00:00:00Z,,79,79,2014,3,20,,Australia,AU,New South Wales,-32.75,152.16667,EPSG:4326,
2014-10-01T00:00:00Z,,274,274,2014,10,1,,Australia,AU,Northern Territory,-12.3673,130.8636,EPSG:4326,
2014-11-05T00:00:00Z,,309,309,2014,11,5,,Australia,AU,Northern Territory,-14.016901,136.246997,EPSG:4326,
2014-11-07T00:00:00Z,,311,311,2014,11,7,,Australia,AU,,-15.409471,136.771523,EPSG:4326,
2014-10-20T00:00:00Z,,293,293,2014,10,20,,Australia,AU,Northern Territory,-12.478246,130.958192,EPSG:4326,
2014-03-23T00:00:00Z,,82,82,2014,3,23,,Australia,AU,Northern Territory,-12.3726,130.861,EPSG:4326,
2014-08-29T00:00:00Z,,241,241,2014,8,29,,Australia,AU,Northern Territory,-12.3383,130.8883,EPSG:4326,
2014-08-18T00:00:00Z,,230,230,2014,8,18,,Australia,AU,Northern Territory,-12.108725,132.382554,EPSG:4326,
2014-11-07T00:00:00Z,,311,311,2014,11,7,,Australia,AU,,-15.500162,137.09246,EPSG:4326,
2014-08-25T00:00:00Z,,237,237,2014,8,25,,Australia,AU,Northern Territory,-12.3636,130.866,EPSG:4326,
2014-08-12T00:00:00Z,,224,224,2014,8,12,,Australia,AU,Northern Territory,-12.3306,130.895,EPSG:4326,1000
2014-11-07T00:00:00Z,,311,311,2014,11,7,,Australia,AU,,-15.500273,137.112498,EPSG:4326,
2014-11-05T00:00:00Z,,309,309,2014,11,5,,Australia,AU,Northern Territory,-13.829458,136.389511,EPSG:4326,
2014-11-07T00:00:00Z,,311,311,2014,11,7,,Australia,AU,,-15.410236,136.580226,EPSG:4326,
2014-11-14T00:00:00Z,,318,318,2014,11,14,,Australia,AU,Northern Territory,-13.648864,136.825373,EPSG:4326,
2014-11-08T00:00:00Z,,312,312,2014,11,8,,Australia,AU,Northern Territory,-15.590248,136.926679,EPSG:4326,
2014-09-23T00:00:00Z,,266,266,2014,9,23,,Australia,AU,Northern Territory,-12.3581,130.8687,EPSG:4326,
2014-11-07T00:00:00Z,,311,311,2014,11,7,,Australia,AU,,-15.408678,136.488652,EPSG:4326,
2014-11-07T00:00:00Z,,311,311,2014,11,7,,Australia,AU,,-15.500174,137.114983,EPSG:4326,
2014-10-10T00:00:00Z,,283,283,2014,10,10,,Australia,AU,Northern Territory,-12.36265,130.86722,EPSG:4326,10000
2014-02-12T00:00:00Z,,43,79,2014,,,,Australia,AU,New South Wales,-32.743427,152.172243,EPSG:4326,200
2014-12-06T00:00:00Z,,340,340,2014,12,6,,Australia,AU,New South Wales,-35.008332,150.718014,EPSG:4326,1000
2014-04-20T00:00:00Z,,110,110,2014,4,20,,Australia,AU,New South Wales,-34.544591,150.837266,EPSG:4326,250
2014-12-31T00:00:00Z,,365,365,2014,12,31,,Australia,AU,New South Wales,-33.841227,151.216043,EPSG:4326,500
2013-06-21T09:05:04Z,,172,172,2013,6,21,,Australia,AU,Western Australia,-20.8,116.2,EPSG:4326,10000
2013-02-11T00:00:00Z,,42,42,2013,2,11,11-Feb-13,Australia,AU,Queensland,,,,
2013-03-15T00:00:00Z,,74,74,2013,3,15,,Australia,AU,Northern Territory,-12.3714,130.8612,EPSG:4326,
2013-12-17T00:00:00Z,,351,351,2013,12,17,,Australia,AU,Northern Territory,-12.41055,130.8888,EPSG:4326,
2013-07-14T00:00:00Z,,195,195,2013,7,14,,Australia,AU,Northern Territory,-12.4255,130.77182,EPSG:4326,10000
2013-04-19T00:00:00Z,,109,109,2013,4,19,,Australia,AU,Northern Territory,-12.366911,130.616903,EPSG:4326,5000
2013-06-14T00:00:00Z,,165,165,2013,6,14,,Australia,AU,Northern Territory,-12.75,130.35,EPSG:4326,5000
2013-12-17T00:00:00Z,,351,351,2013,12,17,,Australia,AU,Northern Territory,-12.41055,130.8888,EPSG:4326,
2013-03-10T00:00:00Z,,69,69,2013,3,10,,Australia,AU,Northern Territory,-12.4062,130.8167,EPSG:4326,
2013-01-09T00:00:00Z,,9,9,2013,1,9,,Australia,AU,,-10.952018,130.709596,EPSG:4326,10000
2013-11-09T00:00:00Z,,313,313,2013,11,9,,Australia,AU,Northern Territory,-12.508404,130.915183,EPSG:4326,1000
2013-09-01T02:00:00Z,2:00 AM,244,244,2013,9,1,,Australia,AU,Northern Territory,-12.554719,130.867966,EPSG:4326,
2013-05-21T00:00:00Z,,141,141,2013,5,21,,Australia,AU,,-22.19,155.36,EPSG:4326,
2013-11-15T00:00:00Z,21:35:10,319,319,2013,11,15,2013-11-15T21:35:10,Australia,AU,Queensland,-23.176111,150.960556,EPSG:4326,
2012-06-01T12:08:00Z,12:08:00+08:00,153,153,2012,6,1,"June 01, 2012 12:08",Australia,AU,Western Australia,-18.1,122.4,EPSG:4326,10000
2012-12-10T21:34:00Z,21:34:00+10:00,345,345,2012,12,10,2012-12-10 21:34:00+10:00,Australia,AU,Queensland,-19.16076,146.850581,EPSG:4326,24
2012-08-06T21:21:00Z,21:21:00+09:30,219,219,2012,8,6,6/08/2012 21:21,Australia,AU,Northern Territory,-12.537436,130.419795,EPSG:4326,837
2012-08-06T21:21:00Z,21:21:00+09:30,219,219,2012,8,6,6/08/2012 21:21,Australia,AU,Northern Territory,-12.537436,130.419795,EPSG:4326,837
2012-08-06T21:20:00Z,21:20:00+09:30,219,219,2012,8,6,6/08/2012 21:20,Australia,AU,Northern Territory,-12.537436,130.419795,EPSG:4326,837
2012-06-03T00:00:00Z,,155,155,2012,6,3,3/06/2012,Australia,AU,Western Australia,-17.9,122.3,EPSG:4326,10000
2012-03-05T00:00:00Z,,65,65,2012,3,5,05 Mar 2012-11 Mar 2012,Australia,AU,Queensland,-24.783333,152.433333,EPSG:4326,1000
2012-11-25T00:00:00Z,,330,330,2012,11,25,,Australia,AU,Northern Territory,-12.478333,130.811667,EPSG:4326,5000
2012-10-11T00:00:00Z,,285,285,2012,10,11,,Australia,AU,Northern Territory,-12.689067,130.63833,EPSG:4326,1000
2012-09-09T00:00:00Z,,253,253,2012,9,9,,Australia,AU,Northern Territory,-12.485267,130.87425,EPSG:4326,1000
2012-09-11T00:00:00Z,,255,255,2012,9,11,,Australia,AU,Northern Territory,-12.351,130.8751,EPSG:4326,
2012-09-25T00:00:00Z,,269,269,2012,9,25,,Australia,AU,Northern Territory,-12.3578,130.8689,EPSG:4326,
2012-09-12T00:00:00Z,,256,256,2012,9,12,,Australia,AU,Northern Territory,-12.4274,130.7365,EPSG:4326,
2012-09-07T00:00:00Z,,251,251,2012,9,7,,Australia,AU,Northern Territory,-12.7394,130.3538,EPSG:4326,
2012-03-27T00:00:00Z,,87,87,2012,3,27,,Australia,AU,Northern Territory,-11.961167,134.728,EPSG:4326,
2012-04-12T00:00:00Z,,103,103,2012,4,12,,Australia,AU,Northern Territory,-12.382667,130.731833,EPSG:4326,1000
2012-09-16T00:00:00Z,,260,260,2012,9,16,,Australia,AU,Northern Territory,-12.178333,130.206667,EPSG:4326,10000
2012-09-24T00:00:00Z,,268,268,2012,9,24,,Australia,AU,Northern Territory,-12.3635,130.8715,EPSG:4326,
2012-10-09T00:00:00Z,,283,283,2012,10,9,,Australia,AU,Northern Territory,-12.2232,131.0234,EPSG:4326,
2012-03-29T00:00:00Z,,89,89,2012,3,29,,Australia,AU,New South Wales,-33.507455,151.374387,EPSG:4326,30
2012-11-10T00:00:00Z,,315,315,2012,11,10,,Australia,AU,New South Wales,-34.367245,150.924748,EPSG:4326,863
2012-08-19T00:00:00Z,,232,232,2012,8,19,,Australia,AU,New South Wales,-31.913908,152.46272,EPSG:4326,3903
2012-02-13T00:00:00Z,,44,44,2012,2,13,,Australia,AU,New South Wales,-33.715736,151.30019,EPSG:4326,836
2012-12-26T00:00:00Z,5:29:41,361,361,2012,12,26,2012-12-26T05:29:41,Australia,AU,Queensland,-23.176111,150.960556,EPSG:4326,
,,,,2012,,,,Australia,AU,Queensland,-20.1046,148.2894,EPSG:4326,200
2011-03-19T00:00:00Z,,78,78,2011,3,19,,Australia,AU,Northern Territory,-11.13,132.34,EPSG:4326,
2011-01-12T00:00:00Z,,12,12,2011,1,12,,Australia,AU,Northern Territory,-12.368333,130.8625,EPSG:4326,1000
2011-11-30T00:00:00Z,,334,334,2011,11,30,,Australia,AU,Northern Territory,-12.509483,130.437817,EPSG:4326,
2011-07-27T00:00:00Z,,208,208,2011,7,27,,Australia,AU,Northern Territory,-12.391333,130.688167,EPSG:4326,1000
2011-09-03T00:00:00Z,,246,246,2011,9,3,,Australia,AU,Northern Territory,-12.522,130.3351,EPSG:4326,100
2011-11-11T00:00:00Z,,315,315,2011,11,11,,Australia,AU,New South Wales,-34.416723,150.901875,EPSG:4326,2908
2011-11-07T00:00:00Z,,311,311,2011,11,7,,Australia,AU,New South Wales,-34.01135,151.127601,EPSG:4326,1855
2011-11-15T00:00:00Z,,319,319,2011,11,15,,Australia,AU,New South Wales,-34.61405,150.856484,EPSG:4326,3588
2011-09-03T00:00:00Z,,246,246,2011,9,3,,Australia,AU,New South Wales,-33.920848,151.258729,EPSG:4326,200
2011-10-26T00:00:00Z,,299,299,2011,10,26,,Australia,AU,New South Wales,-33.832726,151.280439,EPSG:4326,200
2011-11-17T00:00:00Z,2:26:25,321,321,2011,11,17,2011-11-17T02:26:25,Australia,AU,Queensland,-23.176111,150.960556,EPSG:4326,
2010-12-11T00:00:00Z,,345,345,2010,12,11,11-Dec-10,Australia,AU,Queensland,-24.783333,152.433333,EPSG:4326,1000
2010-12-27T00:00:00Z,,361,361,2010,12,27,27-Dec-10,Australia,AU,Queensland,-24.783333,152.433333,EPSG:4326,1000
2010-09-29T00:00:00Z,,272,272,2010,9,29,,Australia,AU,Northern Territory,-12.75,130.341667,EPSG:4326,1000
2010-10-04T00:00:00Z,,277,277,2010,10,4,,Australia,AU,Northern Territory,-12.561983,130.85035,EPSG:4326,
2010-09-12T00:00:00Z,,255,255,2010,9,12,,Australia,AU,,-12.744167,129.9585,EPSG:4326,1000
2010-12-14T00:00:00Z,,348,348,2010,12,14,,Australia,AU,Northern Territory,-12.050667,130.674833,EPSG:4326,
2010-06-07T00:00:00Z,,158,158,2010,6,7,,Australia,AU,Australian Capital Territory,-35.168316,150.692208,EPSG:4326,1000
2010-06-07T00:00:00Z,,158,158,2010,6,7,,Australia,AU,New South Wales,-35.169712,150.689776,EPSG:4326,200
2010-03-24T00:00:00Z,,83,83,2010,3,24,,Australia,AU,New South Wales,-30.306636,153.14,EPSG:4326,200
2010-03-24T00:00:00Z,,83,83,2010,3,24,,Australia,AU,New South Wales,-30.300619,153.18237,EPSG:4326,1000
2010-03-26T00:00:00Z,,85,85,2010,3,26,,Australia,AU,New South Wales,-33.240038,151.569268,EPSG:4326,100
2010-01-29T00:00:00Z,10:00:00/12:00:00,29,31,2010,1,,,Australia,AU,New South Wales,-31.322104,152.990536,EPSG:4326,1000
2010-03-03T00:00:00Z,,62,62,2010,3,3,,Australia,AU,New South Wales,-33.290059,151.566305,EPSG:4326,100
2010-03-03T00:00:00Z,12:00:00,62,62,2010,3,3,,Australia,AU,New South Wales,-33.288465,151.567453,EPSG:4326,200
2010-03-26T00:00:00Z,,85,85,2010,3,26,,Australia,AU,New South Wales,-33.238445,151.570416,EPSG:4326,200
2010-01-29T00:00:00Z,,29,29,2010,1,29,,Australia,AU,New South Wales,-31.323079,152.967682,EPSG:4326,200
2010-11-04T00:00:00Z,17:00:00,308,308,2010,11,4,,Australia,AU,New South Wales,-35.016019,150.815686,EPSG:4326,200
2010-11-07T00:00:00Z,,311,311,2010,11,7,,Australia,AU,New South Wales,-35.016019,150.815686,EPSG:4326,200
2010-12-17T00:00:00Z,5:17:24,351,351,2010,12,17,2010-12-17T05:17:24,Australia,AU,Queensland,-23.171745,150.947096,EPSG:4326,
2009-02-06T00:00:00Z,,37,37,2009,2,6,,,,,,,,
2009-05-05T00:00:00Z,,125,125,2009,5,5,,,,,,,,
2009-05-05T00:00:00Z,,125,125,2009,5,5,,,,,,,,
2009-02-19T00:00:00Z,,50,50,2009,2,19,,,,,,,,
2009-05-05T00:00:00Z,,125,125,2009,5,5,,,,,,,,
2009-02-06T00:00:00Z,,37,37,2009,2,6,,,,,,,,
2009-02-19T00:00:00Z,,50,50,2009,2,19,,,,,,,,
2009-02-19T00:00:00Z,,50,50,2009,2,19,,,,,,,,
2009-02-06T00:00:00Z,,37,37,2009,2,6,,,,,,,,
2009-11-20T00:00:00Z,,324,324,2009,11,20,,Australia,AU,Northern Territory,-11.70833,135.165,EPSG:4326,
2009-11-20T00:00:00Z,,324,324,2009,11,20,,Australia,AU,Northern Territory,-11.70833,135.165,EPSG:4326,
2009-12-09T00:00:00Z,,343,343,2009,12,9,,Australia,AU,Northern Territory,-12.511667,130.42,EPSG:4326,
2009-10-29T00:00:00Z,,302,302,2009,10,29,,Australia,AU,Northern Territory,-12.529667,130.884667,EPSG:4326,
2009-07-23T00:00:00Z,,204,204,2009,7,23,,Australia,AU,Northern Territory,-12.501833,130.8395,EPSG:4326,
2009-11-30T00:00:00Z,,334,334,2009,11,30,,Australia,AU,Northern Territory,-12.535474,130.419081,EPSG:4326,
2009-04-24T00:00:00Z,,114,114,2009,4,24,,Australia,AU,New South Wales,-32.946665,151.758861,EPSG:4326,100
2009-02-15T00:00:00Z,,46,46,2009,2,15,,Australia,AU,New South Wales,-33.36898,151.490847,EPSG:4326,100
2009-02-19T00:00:00Z,,50,50,2009,2,19,,Australia,AU,New South Wales,-33.296935,151.453825,EPSG:4326,1000
2009-02-19T00:00:00Z,,50,50,2009,2,19,,Australia,AU,New South Wales,-33.296932,151.453826,EPSG:4326,200
2009-02-15T00:00:00Z,11:15:00,46,46,2009,2,15,,Australia,AU,New South Wales,-33.368977,151.490848,EPSG:4326,200
2009-04-24T00:00:00Z,,114,114,2009,4,24,,Australia,AU,New South Wales,-32.946946,151.759262,EPSG:4326,200
2009-05-24T00:00:00Z,,144,144,2009,5,24,,Australia,AU,New South Wales,-30.366852,153.104073,EPSG:4326,200
2009-05-24T00:00:00Z,,144,144,2009,5,24,,Australia,AU,New South Wales,-30.36686,153.104068,EPSG:4326,100
2008-12-14T00:00:00Z,,349,349,2008,12,14,2008/12/14 8:16 PM UTC,Australia,AU,Queensland,-19.98976,148.265453,EPSG:4326,50
2008-02-13T00:00:00Z,,44,44,2008,2,13,13-Feb-08,Australia,AU,Queensland,-21.9652338,149.6508116,EPSG:4326,1000
2008-02-13T00:00:00Z,,44,44,2008,2,13,13-Feb-08,Australia,AU,Queensland,-21.9652338,149.6508116,EPSG:4326,1000
2008-02-13T00:00:00Z,,44,44,2008,2,13,13-Feb-08,Australia,AU,Queensland,-21.9652338,149.6508116,EPSG:4326,1000
2008-02-13T00:00:00Z,,44,44,2008,2,13,13-Feb-08,Australia,AU,Queensland,-21.9652338,149.6508116,EPSG:4326,1000
2008-02-13T00:00:00Z,,44,44,2008,2,13,13-Feb-08,Australia,AU,Queensland,-21.9652338,149.6508116,EPSG:4326,1000
2007-11-03T00:00:00Z,,307,307,2007,11,3,,Australia,AU,Queensland,-21.97239,149.66211,EPSG:4326,1100
2007-11-24T00:00:00Z,,328,328,2007,11,24,,Australia,AU,Queensland,-21.97239,149.66211,EPSG:4326,1100
2007-11-24T00:00:00Z,,328,342,2007,,,,Australia,AU,Queensland,-21.97239,149.66211,EPSG:4326,1100
2007-02-14T00:00:00Z,,45,47,2007,2,,,Australia,AU,Queensland,-21.97239,149.66211,EPSG:4326,1100
2007-11-24T00:00:00Z,,328,328,2007,11,24,,Australia,AU,Queensland,-21.97239,149.66211,EPSG:4326,1100
2007-11-14T00:00:00Z,,318,318,2007,11,14,,Australia,AU,Queensland,-10.99423,142.10927,EPSG:4326,300
2007-11-24T00:00:00Z,,328,328,2007,11,24,,Australia,AU,Queensland,-21.97239,149.66211,EPSG:4326,1100
2007-01-03T00:52:58Z,00:52:58+10:00,3,3,2007,1,3,3/01/2007 0:52,Australia,AU,Queensland,-24.79266,152.441363,EPSG:4326,852
2007-08-04T07:38:00Z,07:38:00+08:00,216,216,2007,8,4,4/08/2007 7:38,Australia,AU,Western Australia,-13.9,126.4,EPSG:4326,10000
2007-09-25T00:00:00Z,,268,268,2007,9,25,,Australia,AU,Northern Territory,-11.605,130.198333,EPSG:4326,
2007-09-25T00:00:00Z,,268,268,2007,9,25,,Australia,AU,Northern Territory,-11.605,130.198333,EPSG:4326,
2007-09-25T00:00:00Z,,268,268,2007,9,25,,Australia,AU,Northern Territory,-11.605,130.198333,EPSG:4326,
2007-09-25T00:00:00Z,,268,268,2007,9,25,,Australia,AU,Northern Territory,-11.605,130.198333,EPSG:4326,
2007-04-08T00:00:00Z,,98,98,2007,4,8,,Australia,AU,New South Wales,-33.458616,151.440159,EPSG:4326,200
2007-08-26T00:00:00Z,16:00:00,238,238,2007,8,26,,Australia,AU,New South Wales,-31.052855,153.057303,EPSG:4326,200
2007-06-12T00:00:00Z,,163,163,2007,6,12,,Australia,AU,New South Wales,-32.788047,152.113121,EPSG:4326,200
2006-04-03T00:00:00Z,,93,93,2006,4,3,2006/04/03 9:13 PM UTC,Australia,AU,Queensland,-16.660257,139.863623,EPSG:4326,100
2006-08-17T00:00:00Z,,229,229,2006,8,17,,Australia,AU,Northern Territory,-13.71,136.386,EPSG:4326,
2006-03-19T00:00:00Z,,78,78,2006,3,19,19-Mar-06,Australia,AU,Queensland,-26.7318732,153.1341191,EPSG:4326,1000
2006-09-01T00:00:00Z,,244,244,2006,9,1,01 Sep 2006-14 Sep 2006,Australia,AU,Queensland,-12.1152962,141.7842097,EPSG:4326,1000
2006-01-16T00:00:00Z,,16,16,2006,1,16,16-Jan-06,Australia,AU,Queensland,-19.163611,146.849167,EPSG:4326,500
2006-11-30T00:00:00Z,,334,334,2006,11,30,,Australia,AU,Northern Territory,-12.5336,130.420167,EPSG:4326,200
2006-09-21T00:00:00Z,,264,264,2006,9,21,,Australia,AU,Northern Territory,-11.54453,133.3876,EPSG:4326,
2006-09-02T00:00:00Z,,245,245,2006,9,2,,Australia,AU,Northern Territory,-12.35,130.87,EPSG:4326,
2006-09-03T00:00:00Z,,246,246,2006,9,3,,Australia,AU,Northern Territory,-12.33,130.9,EPSG:4326,
2006-09-03T00:00:00Z,,246,246,2006,9,3,,Australia,AU,Northern Territory,-12.33,130.9,EPSG:4326,
2006-09-02T00:00:00Z,,245,245,2006,9,2,,Australia,AU,Northern Territory,-12.35,130.87,EPSG:4326,
2006-11-30T00:00:00Z,,334,334,2006,11,30,,Australia,AU,Northern Territory,-12.5336,130.420167,EPSG:4326,200
2006-09-21T00:00:00Z,,264,264,2006,9,21,,Australia,AU,Northern Territory,-11.54453,133.3876,EPSG:4326,
2006-08-16T00:00:00Z,,228,228,2006,8,16,,Australia,AU,Northern Territory,-13.706294,136.39085,EPSG:4326,1000
2006-08-16T00:00:00Z,,228,228,2006,8,16,,Australia,AU,Northern Territory,-13.706294,136.39085,EPSG:4326,1000
2006-07-22T00:00:00Z,,203,203,2006,7,22,,Australia,AU,New South Wales,-33.306752,151.537161,EPSG:4326,200
,,,,2006,,,,Australia,AU,Queensland,-12.0167,141.8333,EPSG:4326,200
,,,,2006,,,,Australia,AU,Queensland,-11.9541,141.9082,EPSG:4326,200
,,,,2006,,,,Australia,AU,Queensland,-12.2283,141.7272,EPSG:4326,200
2005-10-18T09:19:00Z,09:19:00+09:30,291,291,2005,10,18,18/10/2005 9:19,Australia,AU,Northern Territory,-12.11436,132.41816,EPSG:4326,10
2005-06-06T00:00:00Z,,157,157,2005,6,6,,,,,,,,
2005-06-06T00:00:00Z,,157,157,2005,6,6,,,,,,,,
2005-04-24T00:00:00Z,,114,114,2005,4,24,,,,,,,,
2005-04-24T00:00:00Z,,114,114,2005,4,24,,,,,,,,
2005-04-24T00:00:00Z,,114,114,2005,4,24,,,,,,,,
2005-06-06T00:00:00Z,,157,157,2005,6,6,,,,,,,,
2005-01-11T00:00:00Z,,11,11,2005,1,11,11-Jan-05,Australia,AU,Queensland,-21.9152339,149.6508113,EPSG:4326,1000
2005-01-11T00:00:00Z,,11,11,2005,1,11,11-Jan-05,Australia,AU,Queensland,-21.9152339,149.6508113,EPSG:4326,1000
,,,,2005,,,,Australia,AU,Northern Territory,-11.3644,130.806,EPSG:4326,
,,,,2005,,,,Australia,AU,Northern Territory,-11.1123,130.3313,EPSG:4326,
,,,,2005,,,,Australia,AU,Northern Territory,-11.3568,130.9901,EPSG:4326,
,,,,2005,,,,Australia,AU,Northern Territory,-11.3568,130.9901,EPSG:4326,
,,,,2005,,,,Australia,AU,Northern Territory,-11.3644,130.806,EPSG:4326,
,,,,2005,,,,Australia,AU,Northern Territory,-11.1123,130.3313,EPSG:4326,
2005-04-01T00:00:00Z,,91,91,2005,4,1,,Australia,AU,New South Wales,-34.037005,151.202728,EPSG:4326,200
2005-04-21T00:00:00Z,,111,111,2005,4,21,,Australia,AU,New South Wales,-33.331747,151.501149,EPSG:4326,200
,,,,2005,,,,Australia,AU,Queensland,-10.7422,142.409,EPSG:4326,200
,,,,2005,,,,Australia,AU,Queensland,-11.0808,142.1463,EPSG:4326,200
,,,,2005,,,,Australia,AU,Queensland,-17.0987,139.6181,EPSG:4326,200
,,,,2005,,,,Australia,AU,Queensland,-10.7581,142.3762,EPSG:4326,200
,,,,2005,,,,Australia,AU,Queensland,-11.0087,142.1349,EPSG:4326,200
,,,,2005,,,,Australia,AU,Queensland,-10.9833,142.1,EPSG:4326,200
,,,,2005,,,,Australia,AU,Queensland,-10.7684,142.3857,EPSG:4326,200
,,,,2005,,,,Australia,AU,Queensland,-10.9163,142.2793,EPSG:4326,200
,,,,2005,,,,Australia,AU,Queensland,-10.8387,142.3483,EPSG:4326,200
,,,,2005,,,,Australia,AU,Queensland,-10.7001,142.5129,EPSG:4326,200
,,,,2005,,,,Australia,AU,Queensland,-10.7632,142.3928,EPSG:4326,200
,,,,2005,,,,Australia,AU,Queensland,-10.6919,142.5316,EPSG:4326,200
,,,,2005,,,,Australia,AU,Queensland,-10.9617,142.1303,EPSG:4326,200
,,,,2005,,,,Australia,AU,Queensland,-10.9113,142.2523,EPSG:4326,200
,,,,2005,,,,Australia,AU,Queensland,-10.9124,142.2435,EPSG:4326,200
,,,,2005,,,,Australia,AU,Queensland,-10.6969,142.4914,EPSG:4326,200
,,,,2005,,,,Australia,AU,Queensland,-10.9017,142.3093,EPSG:4326,200
,,,,2005,,,,Australia,AU,Queensland,-10.7552,142.4152,EPSG:4326,200
,,,,2005,,,,Australia,AU,Queensland,-10.9463,142.1362,EPSG:4326,200
,,,,2005,,,,Australia,AU,Queensland,-10.7131,142.4415,EPSG:4326,200
,,,,2005,,,,Australia,AU,Queensland,-10.8368,142.3806,EPSG:4326,200
,,,,2005,,,,Australia,AU,Queensland,-10.9223,142.2169,EPSG:4326,200
,,,,2005,,,,Australia,AU,Queensland,-10.9014,142.3224,EPSG:4326,200
,,,,2005,,,,Australia,AU,Queensland,-10.7066,142.5115,EPSG:4326,200
,,,,2005,,,,Australia,AU,Queensland,-10.9068,142.3001,EPSG:4326,200
,,,,2005,,,,Australia,AU,Queensland,-10.846,142.3665,EPSG:4326,200
,,,,2005,,,,Australia,AU,Queensland,-10.685,142.5278,EPSG:4326,200
,,,,2005,,,,Australia,AU,Queensland,-10.7162,142.4455,EPSG:4326,200
,,,,2005,,,,Australia,AU,Queensland,-10.721,142.4275,EPSG:4326,200
,,,,2005,,,,Australia,AU,Queensland,-10.776,142.3918,EPSG:4326,200
,,,,2005,,,,Australia,AU,Queensland,-11.0614,142.1439,EPSG:4326,200
,,,,2005,,,,Australia,AU,Queensland,-10.8848,142.348,EPSG:4326,200
,,,,2005,,,,Australia,AU,Queensland,-10.7988,142.4006,EPSG:4326,200
,,,,2005,,,,Australia,AU,Queensland,-10.8905,142.3348,EPSG:4326,200
,,,,2005,,,,Australia,AU,Queensland,-10.8589,142.3631,EPSG:4326,200
,,,,2005,,,,Australia,AU,Queensland,-10.7196,142.4595,EPSG:4326,200
,,,,2005,,,,Australia,AU,Queensland,-12.0167,141.8238,EPSG:4326,200
,,,,2005,,,,Australia,AU,Queensland,-10.7268,142.413,EPSG:4326,200
,,,,2005,,,,Australia,AU,Queensland,-10.7234,142.4253,EPSG:4326,200
,,,,2005,,,,Australia,AU,Queensland,-10.7078,142.4881,EPSG:4326,200
,,,,2005,,,,Australia,AU,Queensland,-10.846,142.3631,EPSG:4326,200
,,,,2005,,,,Australia,AU,Queensland,-10.9137,142.2719,EPSG:4326,200
,,,,2005,,,,Australia,AU,Queensland,-10.7153,142.4083,EPSG:4326,200
,,,,2005,,,,Australia,AU,Queensland,-10.748,142.4208,EPSG:4326,200
,,,,2005,,,,Australia,AU,Queensland,-10.9821,142.1254,EPSG:4326,200
,,,,2005,,,,Australia,AU,Queensland,-10.9147,142.276,EPSG:4326,200
,,,,2005,,,,Australia,AU,Queensland,-12.2283,141.7272,EPSG:4326,200
,,,,2005,,,,Australia,AU,Queensland,-10.7014,142.5159,EPSG:4326,200
,,,,2005,,,,Australia,AU,Queensland,-10.9246,142.1702,EPSG:4326,200
,,,,2005,,,,Australia,AU,Queensland,-10.7143,142.5004,EPSG:4326,200
,,,,2005,,,,Australia,AU,Queensland,-10.6842,142.5324,EPSG:4326,200
,,,,2005,,,,Australia,AU,Queensland,-10.8406,142.3175,EPSG:4326,200
,,,,2005,,,,Australia,AU,Queensland,-10.9337,142.1548,EPSG:4326,200
,,,,2005,,,,Australia,AU,Queensland,-12.4205,141.6476,EPSG:4326,200
2004-12-15T00:00:00Z,,350,350,2004,12,15,15-Dec-04,Australia,AU,Queensland,-24.8818805,152.4174537,EPSG:4326,1000
2004-06-02T00:00:00Z,,154,154,2004,6,2,2-Jun-04,Australia,AU,Queensland,,,,
2004-08-05T00:00:00Z,,218,218,2004,8,5,,Australia,AU,Northern Territory,-11.312833,131.0625,EPSG:4326,
2004-08-05T00:00:00Z,,218,218,2004,8,5,,Australia,AU,Northern Territory,-11.221933,131.2431,EPSG:4326,
2004-03-31T00:00:00Z,,91,91,2004,3,31,,Australia,AU,Northern Territory,-11.117833,130.335617,EPSG:4326,
2004-08-05T00:00:00Z,,218,218,2004,8,5,,Australia,AU,Northern Territory,-11.803333,130.415,EPSG:4326,
2004-03-31T00:00:00Z,,91,91,2004,3,31,,Australia,AU,Northern Territory,-11.311117,131.064608,EPSG:4326,
2004-08-05T00:00:00Z,,218,218,2004,8,5,,Australia,AU,Northern Territory,-11.312833,131.0625,EPSG:4326,
2004-12-04T00:00:00Z,,339,339,2004,12,4,,Australia,AU,Northern Territory,-12.035983,134.985283,EPSG:4326,
2004-08-06T00:00:00Z,,219,219,2004,8,6,,Australia,AU,Northern Territory,-11.1463,132.353367,EPSG:4326,
2004-03-31T00:00:00Z,,91,91,2004,3,31,,Australia,AU,Northern Territory,-11.199,130.371167,EPSG:4326,
2004-11-28T00:00:00Z,,333,333,2004,11,28,,Australia,AU,Northern Territory,-11.3,132.931667,EPSG:4326,
2004-12-03T00:00:00Z,,338,338,2004,12,3,,Australia,AU,Northern Territory,-11.695183,135.156925,EPSG:4326,
2004-03-31T00:00:00Z,,91,91,2004,3,31,,Australia,AU,Northern Territory,-11.192167,130.432167,EPSG:4326,
2004-04-08T00:00:00Z,,99,99,2004,4,8,,Australia,AU,Northern Territory,-11.335,130.868333,EPSG:4326,
2004-12-03T00:00:00Z,,338,338,2004,12,3,,Australia,AU,Northern Territory,-11.695183,135.156925,EPSG:4326,
2004-08-06T00:00:00Z,,219,219,2004,8,6,,Australia,AU,Northern Territory,-11.13,132.008167,EPSG:4326,
2004-03-11T00:00:00Z,,71,71,2004,3,11,,Australia,AU,Northern Territory,-11.18,130.376667,EPSG:4326,
2004-04-08T00:00:00Z,,99,99,2004,4,8,,Australia,AU,Northern Territory,-11.308333,130.895,EPSG:4326,
2004-03-31T00:00:00Z,,91,91,2004,3,31,,Australia,AU,Northern Territory,-11.167333,130.387,EPSG:4326,
2004-04-08T00:00:00Z,,99,99,2004,4,8,,Australia,AU,Northern Territory,-11.169983,130.377942,EPSG:4326,
2004-03-31T00:00:00Z,,91,91,2004,3,31,,Australia,AU,Northern Territory,-11.117833,130.335617,EPSG:4326,
2004-03-31T00:00:00Z,,91,91,2004,3,31,,Australia,AU,Northern Territory,-11.192167,130.432167,EPSG:4326,
2004-03-31T00:00:00Z,,91,91,2004,3,31,,Australia,AU,Northern Territory,-11.721667,130.07,EPSG:4326,
2004-03-31T00:00:00Z,,91,91,2004,3,31,,Australia,AU,Northern Territory,-11.313333,130.918333,EPSG:4326,
2004-03-31T00:00:00Z,,91,91,2004,3,31,,Australia,AU,Northern Territory,-11.117833,130.335617,EPSG:4326,
2004-08-06T00:00:00Z,,219,219,2004,8,6,,Australia,AU,Northern Territory,-11.13,132.008167,EPSG:4326,
2004-03-31T00:00:00Z,,91,91,2004,3,31,,Australia,AU,Northern Territory,-11.117833,130.335617,EPSG:4326,
2004-12-03T00:00:00Z,,338,338,2004,12,3,,Australia,AU,Northern Territory,-11.695183,135.156925,EPSG:4326,
2004-12-03T00:00:00Z,,338,338,2004,12,3,,Australia,AU,Northern Territory,-11.695183,135.156925,EPSG:4326,
2004-03-31T00:00:00Z,,91,91,2004,3,31,,Australia,AU,Northern Territory,-11.7,130.070667,EPSG:4326,
2004-06-03T00:00:00Z,,155,155,2004,6,3,,Australia,AU,Northern Territory,-11.17,130.383333,EPSG:4326,
2004-04-08T00:00:00Z,,99,99,2004,4,8,,Australia,AU,Northern Territory,-11.335,130.868333,EPSG:4326,
2004-12-04T00:00:00Z,,339,339,2004,12,4,,Australia,AU,Northern Territory,-12.02225,134.9629,EPSG:4326,
2004-03-31T00:00:00Z,,91,91,2004,3,31,,Australia,AU,Northern Territory,-11.117833,130.335617,EPSG:4326,
2004-08-05T00:00:00Z,,218,218,2004,8,5,,Australia,AU,Northern Territory,-11.24,130.365,EPSG:4326,
2004-03-31T00:00:00Z,,91,91,2004,3,31,,Australia,AU,Northern Territory,-11.117833,130.335617,EPSG:4326,
2004-12-04T00:00:00Z,,339,339,2004,12,4,,Australia,AU,Northern Territory,-12.016517,134.950917,EPSG:4326,
2004-08-05T00:00:00Z,,218,218,2004,8,5,,Australia,AU,Northern Territory,-11.169917,130.377917,EPSG:4326,
2004-06-03T00:00:00Z,,155,155,2004,6,3,,Australia,AU,Northern Territory,-11.17,130.373333,EPSG:4326,
2004-08-05T00:00:00Z,,218,218,2004,8,5,,Australia,AU,Northern Territory,-11.169917,130.377917,EPSG:4326,
2004-04-08T00:00:00Z,,99,99,2004,4,8,,Australia,AU,Northern Territory,-11.251667,131.141667,EPSG:4326,
2004-04-08T00:00:00Z,,99,99,2004,4,8,,Australia,AU,Northern Territory,-11.223333,131.226667,EPSG:4326,
2004-08-06T00:00:00Z,,219,219,2004,8,6,,Australia,AU,Northern Territory,-11.345,131.455,EPSG:4326,
2004-03-31T00:00:00Z,,91,91,2004,3,31,,Australia,AU,Northern Territory,-11.207333,130.369833,EPSG:4326,
2004-08-06T00:00:00Z,,219,219,2004,8,6,,Australia,AU,Northern Territory,-11.345,131.455,EPSG:4326,
2004-08-06T00:00:00Z,,219,219,2004,8,6,,Australia,AU,Northern Territory,-11.345,131.455,EPSG:4326,
2004-11-28T00:00:00Z,,333,333,2004,11,28,,Australia,AU,,-11.336667,133.001,EPSG:4326,
2004-04-08T00:00:00Z,,99,99,2004,4,8,,Australia,AU,Northern Territory,-11.166667,130.39,EPSG:4326,
2004-04-08T00:00:00Z,,99,99,2004,4,8,,Australia,AU,Northern Territory,-11.283333,130.533333,EPSG:4326,
2004-04-08T00:00:00Z,,99,99,2004,4,8,,Australia,AU,Northern Territory,-11.296667,131.09,EPSG:4326,
2004-08-06T00:00:00Z,,219,219,2004,8,6,,Australia,AU,Northern Territory,-11.123333,132.143333,EPSG:4326,
2004-08-06T00:00:00Z,,219,219,2004,8,6,,Australia,AU,Northern Territory,-11.345,131.455,EPSG:4326,
2004-08-06T00:00:00Z,,219,219,2004,8,6,,Australia,AU,Northern Territory,-11.356667,131.459167,EPSG:4326,
2004-11-29T00:00:00Z,,334,334,2004,11,29,,Australia,AU,Northern Territory,-11.533333,133.4,EPSG:4326,
2004-08-05T00:00:00Z,,218,218,2004,8,5,,Australia,AU,Northern Territory,-11.821667,130.425,EPSG:4326,
2004-03-31T00:00:00Z,,91,91,2004,3,31,,Australia,AU,Northern Territory,-11.117667,130.331833,EPSG:4326,
2004-04-08T00:00:00Z,,99,99,2004,4,8,,Australia,AU,Northern Territory,-11.166667,130.39,EPSG:4326,
2004-08-06T00:00:00Z,,219,219,2004,8,6,,Australia,AU,Northern Territory,-11.345,131.455,EPSG:4326,
2004-08-06T00:00:00Z,,219,219,2004,8,6,,Australia,AU,Northern Territory,-11.14,132.191667,EPSG:4326,
2004-03-31T00:00:00Z,,91,91,2004,3,31,,Australia,AU,Northern Territory,-11.311117,131.064608,EPSG:4326,
2004-03-31T00:00:00Z,,91,91,2004,3,31,,Australia,AU,Northern Territory,-11.7734,130.021367,EPSG:4326,
2004-08-06T00:00:00Z,,219,219,2004,8,6,,Australia,AU,Northern Territory,-11.15,132.333333,EPSG:4326,
2004-08-05T00:00:00Z,,218,218,2004,8,5,,Australia,AU,Northern Territory,-11.221933,131.2431,EPSG:4326,
2004-08-05T00:00:00Z,,218,218,2004,8,5,,Australia,AU,Northern Territory,-11.793333,130.38,EPSG:4326,
2004-03-31T00:00:00Z,,91,91,2004,3,31,,Australia,AU,Northern Territory,-11.176667,130.373167,EPSG:4326,
2004-03-31T00:00:00Z,,91,91,2004,3,31,,Australia,AU,Northern Territory,-11.167833,130.390667,EPSG:4326,
2004-04-08T00:00:00Z,,99,99,2004,4,8,,Australia,AU,Northern Territory,-11.168333,130.406667,EPSG:4326,
2004-08-06T00:00:00Z,,219,219,2004,8,6,,Australia,AU,Northern Territory,-11.356667,131.459167,EPSG:4326,
2004-08-06T00:00:00Z,,219,219,2004,8,6,,Australia,AU,Northern Territory,-11.129,132.1745,EPSG:4326,
2004-04-08T00:00:00Z,,99,99,2004,4,8,,Australia,AU,Northern Territory,-11.169983,130.377942,EPSG:4326,
2004-12-04T00:00:00Z,,339,339,2004,12,4,,Australia,AU,Northern Territory,-12.029017,134.969817,EPSG:4326,
2004-04-08T00:00:00Z,,99,99,2004,4,8,,Australia,AU,Northern Territory,-11.283333,130.533333,EPSG:4326,
2004-03-31T00:00:00Z,,91,91,2004,3,31,,Australia,AU,Northern Territory,-11.117667,130.331833,EPSG:4326,
2004-03-31T00:00:00Z,,91,91,2004,3,31,,Australia,AU,Northern Territory,-11.7734,130.021367,EPSG:4326,
2004-08-06T00:00:00Z,,219,219,2004,8,6,,Australia,AU,Northern Territory,-11.129,132.1745,EPSG:4326,
2004-03-31T00:00:00Z,,91,91,2004,3,31,,Australia,AU,Northern Territory,-11.311117,131.064608,EPSG:4326,
2004-03-31T00:00:00Z,,91,91,2004,3,31,,Australia,AU,Northern Territory,-11.221383,131.243408,EPSG:4326,
2004-03-31T00:00:00Z,,91,91,2004,3,31,,Australia,AU,Northern Territory,-11.7734,130.021367,EPSG:4326,
2004-08-06T00:00:00Z,,219,219,2004,8,6,,Australia,AU,Northern Territory,-11.345,131.455,EPSG:4326,
2004-08-05T00:00:00Z,,218,218,2004,8,5,,Australia,AU,Northern Territory,-11.169917,130.377917,EPSG:4326,
2004-03-31T00:00:00Z,,91,91,2004,3,31,,Australia,AU,Northern Territory,-11.221383,131.243408,EPSG:4326,
2004-03-31T00:00:00Z,,91,91,2004,3,31,,Australia,AU,Northern Territory,-11.311117,131.064608,EPSG:4326,
2004-04-08T00:00:00Z,,99,99,2004,4,8,,Australia,AU,Northern Territory,-11.296667,131.09,EPSG:4326,
2004-12-04T00:00:00Z,,339,339,2004,12,4,,Australia,AU,Northern Territory,-12.036167,134.989333,EPSG:4326,
2004-08-05T00:00:00Z,,218,218,2004,8,5,,Australia,AU,Northern Territory,-11.169917,130.377917,EPSG:4326,
2004-03-31T00:00:00Z,,91,91,2004,3,31,,Australia,AU,Northern Territory,-11.338333,130.98,EPSG:4326,
2004-03-31T00:00:00Z,,91,91,2004,3,31,,Australia,AU,Northern Territory,-11.7734,130.021367,EPSG:4326,
2004-08-05T00:00:00Z,,218,218,2004,8,5,,Australia,AU,Northern Territory,-11.169917,130.377917,EPSG:4326,
2004-04-07T00:00:00Z,,98,98,2004,4,7,,Australia,AU,Northern Territory,-11.309008,131.43125,EPSG:4326,
2004-08-05T00:00:00Z,,218,218,2004,8,5,,Australia,AU,Northern Territory,-11.312833,131.0625,EPSG:4326,
2004-12-04T00:00:00Z,,339,339,2004,12,4,,Australia,AU,Northern Territory,-12.033333,134.983333,EPSG:4326,
2004-03-31T00:00:00Z,,91,91,2004,3,31,,Australia,AU,Northern Territory,-11.338333,130.98,EPSG:4326,
2004-03-31T00:00:00Z,,91,91,2004,3,31,,Australia,AU,Northern Territory,-11.311117,131.064608,EPSG:4326,
2004-03-11T00:00:00Z,,71,71,2004,3,11,,Australia,AU,Northern Territory,-11.2305,130.367167,EPSG:4326,
2004-04-07T00:00:00Z,,98,98,2004,4,7,,Australia,AU,Northern Territory,-11.309008,131.43125,EPSG:4326,
2004-03-31T00:00:00Z,,91,91,2004,3,31,,Australia,AU,Northern Territory,-11.311117,131.064608,EPSG:4326,
2004-03-31T00:00:00Z,,91,91,2004,3,31,,Australia,AU,Northern Territory,-11.7734,130.021367,EPSG:4326,
2004-11-27T00:00:00Z,,332,332,2004,11,27,,Australia,AU,Northern Territory,-11.966967,130.09305,EPSG:4326,
2004-08-05T00:00:00Z,,218,218,2004,8,5,,Australia,AU,Northern Territory,-11.221933,131.2431,EPSG:4326,
2004-04-08T00:00:00Z,,99,99,2004,4,8,,Australia,AU,Northern Territory,-11.313333,130.916667,EPSG:4326,
2004-08-05T00:00:00Z,,218,218,2004,8,5,,Australia,AU,Northern Territory,-11.169917,130.377917,EPSG:4326,
2004-04-07T00:00:00Z,,98,98,2004,4,7,,Australia,AU,Northern Territory,-11.149742,132.332775,EPSG:4326,
2004-04-08T00:00:00Z,,99,99,2004,4,8,,Australia,AU,Northern Territory,-11.166667,130.39,EPSG:4326,
2004-08-06T00:00:00Z,,219,219,2004,8,6,,Australia,AU,Northern Territory,-11.345,131.455,EPSG:4326,
2004-08-06T00:00:00Z,,219,219,2004,8,6,,Australia,AU,Northern Territory,-11.148333,132.355,EPSG:4326,
2004-03-31T00:00:00Z,,91,91,2004,3,31,,Australia,AU,Northern Territory,-11.117667,130.331833,EPSG:4326,
2004-08-06T00:00:00Z,,219,219,2004,8,6,,Australia,AU,Northern Territory,-11.345,131.455,EPSG:4326,
2004-08-05T00:00:00Z,,218,218,2004,8,5,,Australia,AU,Northern Territory,-11.826667,130.451667,EPSG:4326,
2004-03-31T00:00:00Z,,91,91,2004,3,31,,Australia,AU,Northern Territory,-11.7734,130.021367,EPSG:4326,
2004-12-04T00:00:00Z,,339,339,2004,12,4,,Australia,AU,Northern Territory,-11.953833,135.057,EPSG:4326,
2004-04-08T00:00:00Z,,99,99,2004,4,8,,Australia,AU,Northern Territory,-11.168333,130.406667,EPSG:4326,
2004-03-11T00:00:00Z,,71,71,2004,3,11,,Australia,AU,Northern Territory,-11.18,130.376667,EPSG:4326,
2004-04-07T00:00:00Z,,98,98,2004,4,7,,Australia,AU,Northern Territory,-11.149742,132.332775,EPSG:4326,
2004-03-11T00:00:00Z,,71,71,2004,3,11,,Australia,AU,Northern Territory,-11.2305,130.367167,EPSG:4326,
2004-08-05T00:00:00Z,,218,218,2004,8,5,,Australia,AU,Northern Territory,-11.221933,131.2431,EPSG:4326,
2004-08-06T00:00:00Z,,219,219,2004,8,6,,Australia,AU,Northern Territory,-11.345,131.455,EPSG:4326,
2004-03-31T00:00:00Z,,91,91,2004,3,31,,Australia,AU,Northern Territory,-11.167658,130.37805,EPSG:4326,
2004-03-31T00:00:00Z,,91,91,2004,3,31,,Australia,AU,Northern Territory,-11.721667,130.07,EPSG:4326,
2004-03-11T00:00:00Z,,71,71,2004,3,11,,Australia,AU,Northern Territory,-11.203808,130.36965,EPSG:4326,
2004-04-08T00:00:00Z,,99,99,2004,4,8,,Australia,AU,Northern Territory,-11.223333,131.226667,EPSG:4326,
2004-03-31T00:00:00Z,,91,91,2004,3,31,,Australia,AU,Northern Territory,-11.7734,130.021367,EPSG:4326,
2004-03-31T00:00:00Z,,91,91,2004,3,31,,Australia,AU,Northern Territory,-11.171508,130.373275,EPSG:4326,
2004-03-31T00:00:00Z,,91,91,2004,3,31,,Australia,AU,Northern Territory,-11.326167,130.945167,EPSG:4326,
2004-03-31T00:00:00Z,,91,91,2004,3,31,,Australia,AU,Northern Territory,-11.326167,130.945167,EPSG:4326,
2004-03-31T00:00:00Z,,91,91,2004,3,31,,Australia,AU,Northern Territory,-11.117833,130.335617,EPSG:4326,
2004-08-05T00:00:00Z,,218,218,2004,8,5,,Australia,AU,Northern Territory,-11.24,130.365,EPSG:4326,
2004-08-05T00:00:00Z,,218,218,2004,8,5,,Australia,AU,Northern Territory,-11.828333,130.433333,EPSG:4326,
2004-03-31T00:00:00Z,,91,91,2004,3,31,,Australia,AU,Northern Territory,-11.7734,130.021367,EPSG:4326,
2004-03-31T00:00:00Z,,91,91,2004,3,31,,Australia,AU,Northern Territory,-11.31,130.901667,EPSG:4326,
2004-03-11T00:00:00Z,,71,71,2004,3,11,,Australia,AU,Northern Territory,-11.203808,130.36965,EPSG:4326,
2004-04-08T00:00:00Z,,99,99,2004,4,8,,Australia,AU,Northern Territory,-11.36,130.828333,EPSG:4326,
2004-04-08T00:00:00Z,,99,99,2004,4,8,,Australia,AU,Northern Territory,-11.305,131.07,EPSG:4326,
2004-03-31T00:00:00Z,,91,91,2004,3,31,,Australia,AU,Northern Territory,-11.315,130.89,EPSG:4326,
2004-08-06T00:00:00Z,,219,219,2004,8,6,,Australia,AU,Northern Territory,-11.123333,132.143333,EPSG:4326,
2004-04-08T00:00:00Z,,99,99,2004,4,8,,Australia,AU,Northern Territory,-11.166667,130.39,EPSG:4326,
2004-12-03T00:00:00Z,,338,338,2004,12,3,,Australia,AU,Northern Territory,-11.695183,135.156925,EPSG:4326,
2004-12-04T00:00:00Z,,339,339,2004,12,4,,Australia,AU,Northern Territory,-12.017367,134.946667,EPSG:4326,
2004-08-06T00:00:00Z,,219,219,2004,8,6,,Australia,AU,Northern Territory,-11.345,131.455,EPSG:4326,
2004-06-03T00:00:00Z,,155,155,2004,6,3,,Australia,AU,Northern Territory,-11.17,130.373333,EPSG:4326,
2004-08-05T00:00:00Z,,218,218,2004,8,5,,Australia,AU,Northern Territory,-11.266667,131.795,EPSG:4326,
2004-03-31T00:00:00Z,,91,91,2004,3,31,,Australia,AU,Northern Territory,-11.705,130.07,EPSG:4326,
2004-08-05T00:00:00Z,,218,218,2004,8,5,,Australia,AU,Northern Territory,-11.828333,130.433333,EPSG:4326,
2004-12-04T00:00:00Z,,339,339,2004,12,4,,Australia,AU,Northern Territory,-12.035983,134.985283,EPSG:4326,
2004-03-31T00:00:00Z,,91,91,2004,3,31,,Australia,AU,Northern Territory,-11.117833,130.335617,EPSG:4326,
2004-04-07T00:00:00Z,,98,98,2004,4,7,,Australia,AU,Northern Territory,-11.169983,130.377942,EPSG:4326,
2004-08-05T00:00:00Z,,218,218,2004,8,5,,Australia,AU,Northern Territory,-11.266667,131.795,EPSG:4326,
2004-03-31T00:00:00Z,,91,91,2004,3,31,,Australia,AU,Northern Territory,-11.221383,131.243408,EPSG:4326,
2004-08-05T00:00:00Z,,218,218,2004,8,5,,Australia,AU,Northern Territory,-11.169917,130.377917,EPSG:4326,
2004-03-31T00:00:00Z,,91,91,2004,3,31,,Australia,AU,Northern Territory,-11.221383,131.243408,EPSG:4326,
2004-03-31T00:00:00Z,,91,91,2004,3,31,,Australia,AU,Northern Territory,-11.171508,130.373275,EPSG:4326,
2004-03-31T00:00:00Z,,91,91,2004,3,31,,Australia,AU,Northern Territory,-11.7734,130.021367,EPSG:4326,
2004-12-04T00:00:00Z,,339,339,2004,12,4,,Australia,AU,Northern Territory,-12.0203,134.960933,EPSG:4326,
2004-08-06T00:00:00Z,,219,219,2004,8,6,,Australia,AU,Northern Territory,-11.15,132.333333,EPSG:4326,
2004-08-05T00:00:00Z,,218,218,2004,8,5,,Australia,AU,Northern Territory,-11.169917,130.377917,EPSG:4326,
2004-12-04T00:00:00Z,,339,339,2004,12,4,,Australia,AU,Northern Territory,-12.016517,134.950917,EPSG:4326,
2004-04-08T00:00:00Z,,99,99,2004,4,8,,Australia,AU,Northern Territory,-11.221383,131.243408,EPSG:4326,
2004-03-31T00:00:00Z,,91,91,2004,3,31,,Australia,AU,Northern Territory,-11.221383,131.243408,EPSG:4326,
2004-03-31T00:00:00Z,,91,91,2004,3,31,,Australia,AU,Northern Territory,-11.221383,131.243408,EPSG:4326,
2004-06-03T00:00:00Z,,155,155,2004,6,3,,Australia,AU,Northern Territory,-11.17,130.383333,EPSG:4326,
2004-04-06T00:00:00Z,,97,97,2004,4,6,,Australia,AU,Northern Territory,-11.169983,130.377942,EPSG:4326,
2004-03-31T00:00:00Z,,91,91,2004,3,31,,Australia,AU,Northern Territory,-11.221383,131.243408,EPSG:4326,
2004-04-08T00:00:00Z,,99,99,2004,4,8,,Australia,AU,Northern Territory,-11.221383,131.243408,EPSG:4326,
2004-03-31T00:00:00Z,,91,91,2004,3,31,,Australia,AU,Northern Territory,-11.7734,130.021367,EPSG:4326,
2004-03-31T00:00:00Z,,91,91,2004,3,31,,Australia,AU,Northern Territory,-11.221383,131.243408,EPSG:4326,
2004-08-05T00:00:00Z,,218,218,2004,8,5,,Australia,AU,Northern Territory,-11.803333,130.415,EPSG:4326,
2004-08-06T00:00:00Z,,219,219,2004,8,6,,Australia,AU,Northern Territory,-11.131667,132.338333,EPSG:4326,
2004-03-31T00:00:00Z,,91,91,2004,3,31,,Australia,AU,Northern Territory,-11.221383,131.243408,EPSG:4326,
2004-11-28T00:00:00Z,,333,333,2004,11,28,,Australia,AU,,-11.336667,133.001,EPSG:4326,
2004-08-05T00:00:00Z,,218,218,2004,8,5,,Australia,AU,Northern Territory,-11.169917,130.377917,EPSG:4326,
2004-11-29T00:00:00Z,,334,334,2004,11,29,,Australia,AU,Northern Territory,-11.533333,133.4,EPSG:4326,
2004-04-08T00:00:00Z,,99,99,2004,4,8,,Australia,AU,Northern Territory,-11.133333,130.326667,EPSG:4326,
2004-08-06T00:00:00Z,,219,219,2004,8,6,,Australia,AU,Northern Territory,-11.131667,132.338333,EPSG:4326,
2004-04-08T00:00:00Z,,99,99,2004,4,8,,Australia,AU,Northern Territory,-11.251667,131.141667,EPSG:4326,
2004-03-31T00:00:00Z,,91,91,2004,3,31,,Australia,AU,Northern Territory,-11.7734,130.021367,EPSG:4326,
2004-03-31T00:00:00Z,,91,91,2004,3,31,,Australia,AU,Northern Territory,-11.313333,130.918333,EPSG:4326,
2004-08-06T00:00:00Z,,219,219,2004,8,6,,Australia,AU,Northern Territory,-11.345,131.455,EPSG:4326,
2004-03-31T00:00:00Z,,91,91,2004,3,31,,Australia,AU,Northern Territory,-11.31,130.901667,EPSG:4326,
2004-03-31T00:00:00Z,,91,91,2004,3,31,,Australia,AU,Northern Territory,-11.167833,130.390667,EPSG:4326,
2004-03-31T00:00:00Z,,91,91,2004,3,31,,Australia,AU,Northern Territory,-11.221383,131.243408,EPSG:4326,
2004-04-08T00:00:00Z,,99,99,2004,4,8,,Australia,AU,Northern Territory,-11.305,131.07,EPSG:4326,
2004-08-06T00:00:00Z,,219,219,2004,8,6,,Australia,AU,Northern Territory,-11.148333,132.355,EPSG:4326,
2004-04-06T00:00:00Z,,97,97,2004,4,6,,Australia,AU,Northern Territory,-11.31,131.063333,EPSG:4326,
2004-08-05T00:00:00Z,,218,218,2004,8,5,,Australia,AU,Northern Territory,-11.793333,130.38,EPSG:4326,
2004-08-05T00:00:00Z,,218,218,2004,8,5,,Australia,AU,Northern Territory,-11.221933,131.2431,EPSG:4326,
2004-03-31T00:00:00Z,,91,91,2004,3,31,,Australia,AU,Northern Territory,-11.221383,131.243408,EPSG:4326,
,,,,2004,,,,Australia,AU,Northern Territory,-11.175,130.3717,EPSG:4326,
2004-03-31T00:00:00Z,,91,91,2004,3,31,,Australia,AU,Northern Territory,-11.315,130.89,EPSG:4326,
2004-04-08T00:00:00Z,,99,99,2004,4,8,,Australia,AU,Northern Territory,-11.133333,130.326667,EPSG:4326,
2004-12-04T00:00:00Z,,339,339,2004,12,4,,Australia,AU,Northern Territory,-12.02225,134.9629,EPSG:4326,
2004-03-31T00:00:00Z,,91,91,2004,3,31,,Australia,AU,Northern Territory,-11.167658,130.37805,EPSG:4326,
2004-11-29T00:00:00Z,,334,334,2004,11,29,,Australia,AU,Northern Territory,-11.533333,133.4,EPSG:4326,
2004-04-06T00:00:00Z,,97,97,2004,4,6,,Australia,AU,Northern Territory,-11.116667,130.328667,EPSG:4326,
2004-08-06T00:00:00Z,,219,219,2004,8,6,,Australia,AU,Northern Territory,-11.1463,132.353367,EPSG:4326,
2004-12-04T00:00:00Z,,339,339,2004,12,4,,Australia,AU,Northern Territory,-12.016517,134.950917,EPSG:4326,
2004-11-29T00:00:00Z,,334,334,2004,11,29,,Australia,AU,Northern Territory,-11.533333,133.4,EPSG:4326,
2004-12-04T00:00:00Z,,339,339,2004,12,4,,Australia,AU,Northern Territory,-12.0203,134.960933,EPSG:4326,
2004-03-31T00:00:00Z,,91,91,2004,3,31,,Australia,AU,Northern Territory,-11.705,130.07,EPSG:4326,
2004-04-06T00:00:00Z,,97,97,2004,4,6,,Australia,AU,Northern Territory,-11.116667,130.328667,EPSG:4326,
2004-03-31T00:00:00Z,,91,91,2004,3,31,,Australia,AU,Northern Territory,-11.7734,130.021367,EPSG:4326,
2004-03-31T00:00:00Z,,91,91,2004,3,31,,Australia,AU,Northern Territory,-11.221383,131.243408,EPSG:4326,
2004-08-05T00:00:00Z,,218,218,2004,8,5,,Australia,AU,Northern Territory,-11.312833,131.0625,EPSG:4326,
2004-03-31T00:00:00Z,,91,91,2004,3,31,,Australia,AU,Northern Territory,-11.221383,131.243408,EPSG:4326,
2004-04-07T00:00:00Z,,98,98,2004,4,7,,Australia,AU,Northern Territory,-11.149742,132.332775,EPSG:4326,
2004-08-06T00:00:00Z,,219,219,2004,8,6,,Australia,AU,Northern Territory,-11.1463,132.353367,EPSG:4326,
2004-08-05T00:00:00Z,,218,218,2004,8,5,,Australia,AU,Northern Territory,-11.821667,130.425,EPSG:4326,
2004-03-31T00:00:00Z,,91,91,2004,3,31,,Australia,AU,Northern Territory,-11.7734,130.021367,EPSG:4326,
2004-04-08T00:00:00Z,,99,99,2004,4,8,,Australia,AU,Northern Territory,-11.253333,131.138333,EPSG:4326,
2004-08-06T00:00:00Z,,219,219,2004,8,6,,Australia,AU,Northern Territory,-11.345,131.455,EPSG:4326,
2004-03-31T00:00:00Z,,91,91,2004,3,31,,Australia,AU,Northern Territory,-11.7734,130.021367,EPSG:4326,
2004-08-05T00:00:00Z,,218,218,2004,8,5,,Australia,AU,Northern Territory,-11.312833,131.0625,EPSG:4326,
2004-08-05T00:00:00Z,,218,218,2004,8,5,,Australia,AU,Northern Territory,-11.169917,130.377917,EPSG:4326,
2004-03-31T00:00:00Z,,91,91,2004,3,31,,Australia,AU,Northern Territory,-11.167333,130.387,EPSG:4326,
2004-03-31T00:00:00Z,,91,91,2004,3,31,,Australia,AU,Northern Territory,-11.1845,130.422833,EPSG:4326,
2004-03-31T00:00:00Z,,91,91,2004,3,31,,Australia,AU,Northern Territory,-11.221383,131.243408,EPSG:4326,
2004-08-05T00:00:00Z,,218,218,2004,8,5,,Australia,AU,Northern Territory,-11.826667,130.451667,EPSG:4326,
2004-11-29T00:00:00Z,,334,334,2004,11,29,,Australia,AU,Northern Territory,-11.533333,133.4,EPSG:4326,
2004-11-27T00:00:00Z,,332,332,2004,11,27,,Australia,AU,Northern Territory,-11.966967,130.09305,EPSG:4326,
2004-04-07T00:00:00Z,,98,98,2004,4,7,,Australia,AU,Northern Territory,-11.149742,132.332775,EPSG:4326,
2004-03-11T00:00:00Z,,71,71,2004,3,11,,Australia,AU,Northern Territory,-11.18,130.376667,EPSG:4326,
2004-03-31T00:00:00Z,,91,91,2004,3,31,,Australia,AU,Northern Territory,-11.733333,130.068333,EPSG:4326,
2004-04-06T00:00:00Z,,97,97,2004,4,6,,Australia,AU,Northern Territory,-11.116667,130.328667,EPSG:4326,
2004-03-11T00:00:00Z,,71,71,2004,3,11,,Australia,AU,Northern Territory,-11.2305,130.367167,EPSG:4326,
2004-04-07T00:00:00Z,,98,98,2004,4,7,,Australia,AU,Northern Territory,-11.149742,132.332775,EPSG:4326,
2004-12-04T00:00:00Z,,339,339,2004,12,4,,Australia,AU,Northern Territory,-12.029017,134.969817,EPSG:4326,
,,,,2004,,,,Australia,AU,Northern Territory,-11.175,130.3717,EPSG:4326,
2004-03-31T00:00:00Z,,91,91,2004,3,31,,Australia,AU,Northern Territory,-11.167658,130.37805,EPSG:4326,
2004-04-06T00:00:00Z,,97,97,2004,4,6,,Australia,AU,Northern Territory,-11.169983,130.377942,EPSG:4326,
2004-03-31T00:00:00Z,,91,91,2004,3,31,,Australia,AU,Northern Territory,-11.167658,130.37805,EPSG:4326,
2004-03-31T00:00:00Z,,91,91,2004,3,31,,Australia,AU,Northern Territory,-11.221383,131.243408,EPSG:4326,
2004-03-31T00:00:00Z,,91,91,2004,3,31,,Australia,AU,Northern Territory,-11.777333,130.0195,EPSG:4326,
2004-03-31T00:00:00Z,,91,91,2004,3,31,,Australia,AU,Northern Territory,-11.167658,130.37805,EPSG:4326,
2004-03-31T00:00:00Z,,91,91,2004,3,31,,Australia,AU,Northern Territory,-11.167658,130.37805,EPSG:4326,
2004-08-05T00:00:00Z,,218,218,2004,8,5,,Australia,AU,Northern Territory,-11.169917,130.377917,EPSG:4326,
2004-03-31T00:00:00Z,,91,91,2004,3,31,,Australia,AU,Northern Territory,-11.221383,131.243408,EPSG:4326,
2004-12-04T00:00:00Z,,339,339,2004,12,4,,Australia,AU,Northern Territory,-12.016517,134.950917,EPSG:4326,
2004-12-03T00:00:00Z,,338,338,2004,12,3,,Australia,AU,Northern Territory,-11.695183,135.156925,EPSG:4326,
2004-08-06T00:00:00Z,,219,219,2004,8,6,,Australia,AU,Northern Territory,-11.39,131.468333,EPSG:4326,
2004-03-11T00:00:00Z,,71,71,2004,3,11,,Australia,AU,Northern Territory,-11.203808,130.36965,EPSG:4326,
2004-04-08T00:00:00Z,,99,99,2004,4,8,,Australia,AU,Northern Territory,-11.291667,131.098333,EPSG:4326,
2004-03-31T00:00:00Z,,91,91,2004,3,31,,Australia,AU,Northern Territory,-11.777333,130.0195,EPSG:4326,
2004-04-08T00:00:00Z,,99,99,2004,4,8,,Australia,AU,Northern Territory,-11.221383,131.243408,EPSG:4326,
2004-11-29T00:00:00Z,,334,334,2004,11,29,,Australia,AU,Northern Territory,-11.533333,133.4,EPSG:4326,
2004-03-31T00:00:00Z,,91,91,2004,3,31,,Australia,AU,Northern Territory,-11.167833,130.390667,EPSG:4326,
2004-11-29T00:00:00Z,,334,334,2004,11,29,,Australia,AU,Northern Territory,-11.533333,133.4,EPSG:4326,
2004-03-31T00:00:00Z,,91,91,2004,3,31,,Australia,AU,Northern Territory,-11.221383,131.243408,EPSG:4326,
2004-08-05T00:00:00Z,,218,218,2004,8,5,,Australia,AU,Northern Territory,-11.169917,130.377917,EPSG:4326,
2004-03-11T00:00:00Z,,71,71,2004,3,11,,Australia,AU,Northern Territory,-11.2305,130.367167,EPSG:4326,
2004-04-06T00:00:00Z,,97,97,2004,4,6,,Australia,AU,Northern Territory,-11.31,131.063333,EPSG:4326,
2004-04-08T00:00:00Z,,99,99,2004,4,8,,Australia,AU,Northern Territory,-11.291667,131.098333,EPSG:4326,
2004-03-31T00:00:00Z,,91,91,2004,3,31,,Australia,AU,Northern Territory,-11.176667,130.373167,EPSG:4326,
2004-04-08T00:00:00Z,,99,99,2004,4,8,,Australia,AU,Northern Territory,-11.221383,131.243408,EPSG:4326,
2004-08-06T00:00:00Z,,219,219,2004,8,6,,Australia,AU,Northern Territory,-11.1463,132.353367,EPSG:4326,
2004-03-31T00:00:00Z,,91,91,2004,3,31,,Australia,AU,Northern Territory,-11.221383,131.243408,EPSG:4326,
2004-03-31T00:00:00Z,,91,91,2004,3,31,,Australia,AU,Northern Territory,-11.167658,130.37805,EPSG:4326,
2004-04-08T00:00:00Z,,99,99,2004,4,8,,Australia,AU,Northern Territory,-11.221383,131.243408,EPSG:4326,
2004-08-06T00:00:00Z,,219,219,2004,8,6,,Australia,AU,Northern Territory,-11.39,131.468333,EPSG:4326,
2004-04-07T00:00:00Z,,98,98,2004,4,7,,Australia,AU,Northern Territory,-11.149742,132.332775,EPSG:4326,
2004-12-04T00:00:00Z,,339,339,2004,12,4,,Australia,AU,Northern Territory,-12.017367,134.946667,EPSG:4326,
2004-03-31T00:00:00Z,,91,91,2004,3,31,,Australia,AU,Northern Territory,-11.167658,130.37805,EPSG:4326,
2004-03-31T00:00:00Z,,91,91,2004,3,31,,Australia,AU,Northern Territory,-11.199,130.371167,EPSG:4326,
2004-12-04T00:00:00Z,,339,339,2004,12,4,,Australia,AU,Northern Territory,-12.029017,134.969817,EPSG:4326,
2004-04-08T00:00:00Z,,99,99,2004,4,8,,Australia,AU,Northern Territory,-11.36,130.828333,EPSG:4326,
2004-08-05T00:00:00Z,,218,218,2004,8,5,,Australia,AU,Northern Territory,-11.312833,131.0625,EPSG:4326,
2004-04-08T00:00:00Z,,99,99,2004,4,8,,Australia,AU,Northern Territory,-11.313333,130.916667,EPSG:4326,
2004-08-05T00:00:00Z,,218,218,2004,8,5,,Australia,AU,Northern Territory,-11.803333,130.411667,EPSG:4326,
2004-08-05T00:00:00Z,,218,218,2004,8,5,,Australia,AU,Northern Territory,-11.169917,130.377917,EPSG:4326,
2004-03-31T00:00:00Z,,91,91,2004,3,31,,Australia,AU,Northern Territory,-11.117667,130.331833,EPSG:4326,
2004-08-05T00:00:00Z,,218,218,2004,8,5,,Australia,AU,Northern Territory,-11.169917,130.377917,EPSG:4326,
2004-12-04T00:00:00Z,,339,339,2004,12,4,,Australia,AU,Northern Territory,-12.036167,134.989333,EPSG:4326,
2004-03-31T00:00:00Z,,91,91,2004,3,31,,Australia,AU,Northern Territory,-11.221383,131.243408,EPSG:4326,
2004-03-31T00:00:00Z,,91,91,2004,3,31,,Australia,AU,Northern Territory,-11.1845,130.422833,EPSG:4326,
2004-04-08T00:00:00Z,,99,99,2004,4,8,,Australia,AU,Northern Territory,-11.221383,131.243408,EPSG:4326,
2004-03-31T00:00:00Z,,91,91,2004,3,31,,Australia,AU,Northern Territory,-11.733333,130.068333,EPSG:4326,
2004-11-28T00:00:00Z,,333,333,2004,11,28,,Australia,AU,Northern Territory,-11.3,132.931667,EPSG:4326,
2004-03-31T00:00:00Z,,91,91,2004,3,31,,Australia,AU,Northern Territory,-11.221383,131.243408,EPSG:4326,
2004-03-31T00:00:00Z,,91,91,2004,3,31,,Australia,AU,Northern Territory,-11.207333,130.369833,EPSG:4326,
2004-03-31T00:00:00Z,,91,91,2004,3,31,,Australia,AU,Northern Territory,-11.221383,131.243408,EPSG:4326,
2004-04-08T00:00:00Z,,99,99,2004,4,8,,Australia,AU,Northern Territory,-11.308333,130.895,EPSG:4326,
2004-03-31T00:00:00Z,,91,91,2004,3,31,,Australia,AU,Northern Territory,-11.221383,131.243408,EPSG:4326,
2004-04-08T00:00:00Z,,99,99,2004,4,8,,Australia,AU,Northern Territory,-11.133333,130.326667,EPSG:4326,
2004-08-05T00:00:00Z,,218,218,2004,8,5,,Australia,AU,Northern Territory,-11.803333,130.411667,EPSG:4326,
2004-03-31T00:00:00Z,,91,91,2004,3,31,,Australia,AU,Northern Territory,-11.221383,131.243408,EPSG:4326,
2004-03-31T00:00:00Z,,91,91,2004,3,31,,Australia,AU,Northern Territory,-11.7734,130.021367,EPSG:4326,
2004-08-05T00:00:00Z,,218,218,2004,8,5,,Australia,AU,Northern Territory,-11.312833,131.0625,EPSG:4326,
2004-03-31T00:00:00Z,,91,91,2004,3,31,,Australia,AU,Northern Territory,-11.311117,131.064608,EPSG:4326,
2004-12-04T00:00:00Z,,339,339,2004,12,4,,Australia,AU,Northern Territory,-11.953833,135.057,EPSG:4326,
2004-11-27T00:00:00Z,,332,332,2004,11,27,,Australia,AU,Northern Territory,-12.130833,130.877167,EPSG:4326,
2004-08-06T00:00:00Z,,219,219,2004,8,6,,Australia,AU,Northern Territory,-11.396667,131.476667,EPSG:4326,
2004-03-31T00:00:00Z,,91,91,2004,3,31,,Australia,AU,Northern Territory,-11.311117,131.064608,EPSG:4326,
2004-03-31T00:00:00Z,,91,91,2004,3,31,,Australia,AU,Northern Territory,-11.7,130.070667,EPSG:4326,
2004-08-06T00:00:00Z,,219,219,2004,8,6,,Australia,AU,Northern Territory,-11.345,131.455,EPSG:4326,
2004-04-07T00:00:00Z,,98,98,2004,4,7,,Australia,AU,Northern Territory,-11.169983,130.377942,EPSG:4326,
2004-08-06T00:00:00Z,,219,219,2004,8,6,,Australia,AU,Northern Territory,-11.345,131.455,EPSG:4326,
2004-04-08T00:00:00Z,,99,99,2004,4,8,,Australia,AU,Northern Territory,-11.253333,131.138333,EPSG:4326,
2004-08-05T00:00:00Z,,218,218,2004,8,5,,Australia,AU,Northern Territory,-11.221933,131.2431,EPSG:4326,
2004-03-31T00:00:00Z,,91,91,2004,3,31,,Australia,AU,Northern Territory,-11.311117,131.064608,EPSG:4326,
2004-03-31T00:00:00Z,,91,91,2004,3,31,,Australia,AU,Northern Territory,-11.221383,131.243408,EPSG:4326,
2004-12-04T00:00:00Z,,339,339,2004,12,4,,Australia,AU,Northern Territory,-12.029017,134.969817,EPSG:4326,
2004-03-11T00:00:00Z,,71,71,2004,3,11,,Australia,AU,Northern Territory,-11.203808,130.36965,EPSG:4326,
2004-08-06T00:00:00Z,,219,219,2004,8,6,,Australia,AU,Northern Territory,-11.14,132.191667,EPSG:4326,
2004-04-08T00:00:00Z,,99,99,2004,4,8,,Australia,AU,Northern Territory,-11.133333,130.326667,EPSG:4326,
2004-03-31T00:00:00Z,,91,91,2004,3,31,,Australia,AU,Northern Territory,-11.167833,130.390667,EPSG:4326,
2004-03-11T00:00:00Z,,71,71,2004,3,11,,Australia,AU,Northern Territory,-11.18,130.376667,EPSG:4326,
2004-03-31T00:00:00Z,,91,91,2004,3,31,,Australia,AU,Northern Territory,-11.311117,131.064608,EPSG:4326,
2004-08-05T00:00:00Z,,218,218,2004,8,5,,Australia,AU,Northern Territory,-11.312833,131.0625,EPSG:4326,
2004-11-29T00:00:00Z,,334,334,2004,11,29,,Australia,AU,Northern Territory,-11.533333,133.4,EPSG:4326,
2004-08-06T00:00:00Z,,219,219,2004,8,6,,Australia,AU,Northern Territory,-11.396667,131.476667,EPSG:4326,
2004-11-27T00:00:00Z,,332,332,2004,11,27,,Australia,AU,Northern Territory,-12.130833,130.877167,EPSG:4326,
2004-03-31T00:00:00Z,,91,91,2004,3,31,,Australia,AU,Northern Territory,-11.7734,130.021367,EPSG:4326,
2004-04-06T00:00:00Z,,97,97,2004,4,6,,Australia,AU,Northern Territory,-11.116667,130.328667,EPSG:4326,
2004-07-28T00:00:00Z,,210,210,2004,7,28,,Australia,AU,New South Wales,-34.363732,150.921235,EPSG:4326,200
2004-03-01T00:00:00Z,,61,61,2004,3,1,,Australia,AU,New South Wales,-34.043753,151.162062,EPSG:4326,200
2004-03-22T00:00:00Z,,82,82,2004,3,22,,Australia,AU,New South Wales,-33.048476,151.617354,EPSG:4326,1000
2004-04-23T00:00:00Z,,114,114,2004,4,23,,Australia,AU,New South Wales,-30.30495,153.147319,EPSG:4326,200
2004-03-23T00:00:00Z,,83,83,2004,3,23,,Australia,AU,New South Wales,-31.429709,152.920045,EPSG:4326,200
,,,,2004,,,,Australia,AU,Queensland,-12.5741,141.5993,EPSG:4326,200
,,,,2004,,,,Australia,AU,Queensland,-17.0987,139.6181,EPSG:4326,200
2003-08-11T06:11:00Z,06:11:00+09:30,223,223,2003,8,11,2003/08/11 6:11 AM ACST,Australia,AU,Northern Territory,-12.11451,132.41866,EPSG:4326,10
2003-08-04T23:55:00Z,23:55:00+09:30,216,216,2003,8,4,4/08/2003 23:55,Australia,AU,Northern Territory,-12.11502,132.41894,EPSG:4326,10
2003-06-04T00:00:00Z,,155,155,2003,6,4,,Australia,AU,Northern Territory,-11.375,130.241667,EPSG:4326,
2003-04-30T00:00:00Z,,120,120,2003,4,30,,Australia,AU,Northern Territory,-12.115,132.418333,EPSG:4326,
2003-06-04T00:00:00Z,,155,155,2003,6,4,,Australia,AU,Northern Territory,-11.465,130.166667,EPSG:4326,
2003-04-30T00:00:00Z,,120,120,2003,4,30,,Australia,AU,Northern Territory,-12.115,132.418333,EPSG:4326,
2003-06-03T00:00:00Z,,154,154,2003,6,3,,Australia,AU,Northern Territory,-11.166667,130.373333,EPSG:4326,
2003-06-04T00:00:00Z,,155,155,2003,6,4,,Australia,AU,Northern Territory,-11.375,130.241667,EPSG:4326,
2003-06-04T00:00:00Z,,155,155,2003,6,4,,Australia,AU,Northern Territory,-11.375,130.241667,EPSG:4326,
2003-06-04T00:00:00Z,,155,155,2003,6,4,,Australia,AU,Northern Territory,-11.465,130.166667,EPSG:4326,
2003-06-04T00:00:00Z,,155,155,2003,6,4,,Australia,AU,Northern Territory,-11.465,130.166667,EPSG:4326,
2003-07-02T00:00:00Z,,183,183,2003,7,2,,Australia,AU,Northern Territory,-12.34,130.91,EPSG:4326,
2003-04-30T00:00:00Z,,120,120,2003,4,30,,Australia,AU,Northern Territory,-12.115,132.418333,EPSG:4326,
2003-06-03T00:00:00Z,,154,154,2003,6,3,,Australia,AU,Northern Territory,-11.286667,131.105,EPSG:4326,
2003-06-04T00:00:00Z,,155,155,2003,6,4,,Australia,AU,Northern Territory,-11.465,130.166667,EPSG:4326,
2003-06-04T00:00:00Z,,155,155,2003,6,4,,Australia,AU,Northern Territory,-11.465,130.166667,EPSG:4326,
2003-06-04T00:00:00Z,,155,155,2003,6,4,,Australia,AU,Northern Territory,-11.465,130.166667,EPSG:4326,
2003-06-04T00:00:00Z,,155,155,2003,6,4,,Australia,AU,Northern Territory,-11.375,130.241667,EPSG:4326,
2003-06-04T00:00:00Z,,155,155,2003,6,4,,Australia,AU,Northern Territory,-11.465,130.166667,EPSG:4326,
2003-04-30T00:00:00Z,,120,120,2003,4,30,,Australia,AU,Northern Territory,-12.115,132.418333,EPSG:4326,
2003-06-03T00:00:00Z,,154,154,2003,6,3,,Australia,AU,Northern Territory,-11.286667,131.105,EPSG:4326,
2003-06-04T00:00:00Z,,155,155,2003,6,4,,Australia,AU,Northern Territory,-11.465,130.166667,EPSG:4326,
2003-06-03T00:00:00Z,,154,154,2003,6,3,,Australia,AU,Northern Territory,-11.166667,130.373333,EPSG:4326,
2003-07-02T00:00:00Z,,183,183,2003,7,2,,Australia,AU,Northern Territory,-12.34,130.91,EPSG:4326,
2003-06-21T00:00:00Z,,172,172,2003,6,21,,Australia,AU,New South Wales,-33.080783,151.513038,EPSG:4326,200
2003-01-18T00:00:00Z,16:00:00,18,18,2003,1,18,,Australia,AU,New South Wales,-28.873756,153.5645,EPSG:4326,200
2003-12-08T00:00:00Z,7:00:00,342,342,2003,12,8,,Australia,AU,New South Wales,-28.709996,153.616776,EPSG:4326,200
2003-06-22T00:00:00Z,,173,173,2003,6,22,,Australia,AU,New South Wales,-33.074243,151.505543,EPSG:4326,100
2002-06-26T00:00:00Z,,177,177,2002,6,26,26-Jun-02,Australia,AU,Queensland,-23.305278,151.916111,EPSG:4326,500
2002-08-14T00:00:00Z,,226,226,2002,8,14,,Australia,AU,,-33.926154,151.475886,EPSG:4326,1000
2002-04-26T00:00:00Z,,116,116,2002,4,26,,Australia,AU,,-33.926154,151.475886,EPSG:4326,1000
2002-08-14T00:00:00Z,,226,226,2002,8,14,,Australia,AU,New South Wales,-33.839779,151.267804,EPSG:4326,200
2001-09-15T11:54:00Z,11:54:00+09:30,258,258,2001,9,15,15/09/2001 11:54,Australia,AU,Northern Territory,-12.17496,132.25832,EPSG:4326,50
